date,or_size_pct,or_close_position,breakout_dir,breakout_minute,vol_ratio,mfe_pre_retest_pct,mins_to_retest,outcome_60min,outcome_120min,outcome_cierre,mins_resolution
2017-01-30,0.5938,0.0405,down,15,1.5379,0.4092,117.0,neutro,neutro,neutro,
2017-02-02,0.3684,0.8696,up,15,0.6653,0.2075,20.0,continuacion,continuacion,continuacion,53.0
2017-02-07,0.1905,1.0,up,15,1.0845,0.2615,100.0,neutro,neutro,neutro,
2017-02-21,0.1693,0.8636,up,15,1.1916,0.2381,99.0,neutro,neutro,continuacion,269.0
2017-03-07,0.2455,0.1562,up,49,0.6271,0.3215,67.0,neutro,neutro,falla,255.0
2017-03-08,0.23,1.0,up,15,1.1491,0.2906,119.0,neutro,neutro,neutro,
2017-03-09,0.2285,0.8054,up,15,1.0238,0.2234,38.0,neutro,neutro,falla,221.0
2017-03-14,0.1377,0.2222,up,21,0.6877,0.2215,80.0,neutro,continuacion,continuacion,76.0
2017-03-22,0.4396,0.7719,up,23,0.7484,0.3609,120.0,neutro,neutro,continuacion,147.0
2017-04-07,0.2912,0.401,down,22,0.8478,0.2866,17.0,neutro,neutro,falla,200.0
2017-04-11,0.451,0.0219,down,15,1.1959,0.3194,19.0,continuacion,continuacion,continuacion,17.0
2017-04-17,0.2242,0.3754,up,36,1.037,0.2221,30.0,neutro,neutro,continuacion,281.0
2017-05-09,0.2269,0.9872,up,15,0.7244,0.2821,94.0,neutro,neutro,neutro,
2017-06-07,0.1843,0.5795,down,20,1.2199,0.2137,57.0,neutro,continuacion,continuacion,120.0
2017-06-08,0.4057,0.3976,down,17,1.2249,0.2032,31.0,continuacion,continuacion,continuacion,2.0
2017-06-15,0.4212,0.0207,down,15,1.0624,0.2305,2.0,continuacion,continuacion,continuacion,35.0
2017-06-16,0.4854,0.1179,down,49,0.9786,0.2912,61.0,neutro,neutro,neutro,
2017-06-21,0.2292,0.6562,up,17,0.9737,0.343,77.0,neutro,continuacion,continuacion,87.0
2017-06-28,0.4056,0.3929,down,21,0.9345,0.2028,5.0,continuacion,continuacion,continuacion,2.0
2017-06-29,0.5989,0.0,down,15,1.1796,0.4257,56.0,continuacion,continuacion,continuacion,25.0
2017-07-06,0.4554,0.4194,down,19,1.0668,0.2498,22.0,neutro,falla,falla,84.0
2017-07-07,0.3072,0.4286,up,23,0.566,0.2333,61.0,continuacion,continuacion,continuacion,33.0
2017-07-11,0.1881,0.7692,up,20,0.7135,0.4548,90.0,falla,falla,falla,4.0
2017-07-13,0.2488,0.6286,up,15,0.9095,0.234,30.0,falla,falla,falla,16.0
2017-07-17,0.1689,0.9167,up,15,1.2718,0.2107,35.0,falla,falla,falla,17.0
2017-07-18,0.3036,0.6512,up,16,0.754,0.2605,56.0,continuacion,continuacion,continuacion,13.0
2017-07-20,0.2777,0.1,down,15,0.9988,0.2013,37.0,continuacion,continuacion,continuacion,9.0
2017-07-28,0.623,0.9551,up,152,0.3809,0.2157,64.0,neutro,neutro,neutro,
2017-08-03,0.2853,0.7805,down,23,0.91,0.2296,8.0,continuacion,continuacion,continuacion,4.0
2017-08-09,0.4272,0.3279,up,25,1.039,0.272,76.0,continuacion,continuacion,continuacion,41.0
2017-08-18,0.3047,0.2326,down,15,0.8452,0.3401,21.0,falla,falla,falla,36.0
2017-08-21,0.383,0.6852,down,27,0.9569,0.5745,94.0,neutro,neutro,neutro,
2017-08-24,0.4209,0.1167,down,15,1.0573,0.4489,48.0,continuacion,continuacion,continuacion,42.0
2017-08-29,0.4963,0.7714,up,16,1.0042,0.2116,21.0,continuacion,continuacion,continuacion,20.0
2017-09-01,0.2874,0.2619,down,21,1.2067,0.3831,43.0,neutro,neutro,neutro,
2017-09-06,0.3591,0.25,down,20,1.2902,0.2693,44.0,continuacion,continuacion,continuacion,5.0
2017-09-07,0.2482,0.8056,up,15,0.6209,0.2819,95.0,neutro,falla,falla,91.0
2017-09-08,0.2207,0.4375,down,19,1.4237,0.2069,63.0,continuacion,continuacion,continuacion,51.0
2017-09-12,0.2877,0.3095,down,16,0.7442,0.2397,33.0,continuacion,continuacion,continuacion,34.0
2017-09-14,0.3368,0.1837,up,63,0.8182,0.2192,70.0,neutro,neutro,falla,255.0
2017-09-21,0.4357,0.2063,down,18,1.3134,0.2351,16.0,continuacion,continuacion,continuacion,4.0
2017-09-27,0.3413,0.776,down,42,0.7361,0.2224,57.0,neutro,neutro,falla,174.0
2017-09-29,0.2005,0.6517,down,21,1.3908,0.2012,14.0,falla,falla,falla,34.0
2017-10-19,0.4268,0.2397,down,15,0.6871,0.21,9.0,continuacion,continuacion,continuacion,8.0
2017-10-30,0.3773,0.8772,up,15,1.0014,0.3561,86.0,neutro,falla,falla,68.0
2017-11-14,0.3139,0.5,down,30,1.4376,0.2354,10.0,falla,falla,falla,36.0
2017-11-15,0.5937,0.1776,up,65,0.9125,0.2096,87.0,neutro,neutro,neutro,
2017-11-30,0.4353,0.6125,up,61,0.9039,0.2907,56.0,continuacion,continuacion,continuacion,53.0
2017-12-01,0.4937,0.3167,up,46,0.9215,0.2066,12.0,falla,falla,falla,45.0
2017-12-05,1.0454,0.8742,up,21,0.8797,0.2408,17.0,continuacion,continuacion,continuacion,41.0
2017-12-06,0.7372,0.901,up,29,1.0553,0.222,87.0,neutro,neutro,continuacion,155.0
2017-12-07,0.4298,0.4401,up,60,0.4102,0.2533,38.0,continuacion,continuacion,continuacion,47.0
2017-12-08,0.2714,0.5962,down,115,0.8075,0.2901,46.0,neutro,neutro,continuacion,129.0
2017-12-19,0.3552,0.0018,down,15,0.9941,0.24,97.0,continuacion,continuacion,continuacion,30.0
2017-12-20,0.6237,0.0724,down,15,1.2007,0.2479,77.0,neutro,neutro,neutro,
2018-01-10,0.3163,0.5871,down,21,0.877,0.2036,6.0,continuacion,continuacion,continuacion,4.0
2018-01-19,0.2521,0.6683,down,22,0.8393,0.3917,112.0,neutro,neutro,neutro,
2018-01-25,0.3081,0.3666,down,20,0.8619,0.5618,82.0,neutro,neutro,continuacion,216.0
2018-02-01,0.4997,0.5369,up,25,0.9459,0.2315,32.0,continuacion,continuacion,continuacion,13.0
2018-02-06,2.65,0.8007,up,18,0.9271,0.2707,4.0,continuacion,continuacion,continuacion,1.0
2018-02-07,0.6766,0.4675,up,35,1.2388,0.3265,16.0,continuacion,continuacion,continuacion,31.0
2018-02-13,0.5903,0.5156,up,30,0.998,0.3593,32.0,continuacion,continuacion,continuacion,17.0
2018-02-14,0.6685,0.8021,up,18,1.7672,0.2065,6.0,continuacion,continuacion,continuacion,15.0
2018-02-15,0.5697,0.6022,up,20,0.9322,0.2132,11.0,falla,falla,falla,43.0
2018-02-16,0.491,0.5179,up,19,1.0713,0.2591,56.0,continuacion,continuacion,continuacion,29.0
2018-02-20,0.6153,0.7319,up,17,0.875,0.3569,45.0,continuacion,continuacion,continuacion,32.0
2018-02-21,0.3384,0.4813,up,18,0.8672,0.2338,63.0,continuacion,continuacion,continuacion,34.0
2018-02-23,0.2962,0.5519,down,19,0.8671,0.2105,43.0,falla,falla,falla,30.0
2018-02-27,0.2352,0.7225,down,22,0.7325,0.2299,12.0,falla,falla,falla,9.0
2018-02-28,0.3265,0.2178,down,16,1.0146,0.2133,73.0,continuacion,continuacion,continuacion,13.0
2018-03-01,1.0719,0.0388,down,23,0.9858,0.2114,4.0,continuacion,continuacion,continuacion,3.0
2018-03-05,0.3883,0.1404,down,19,1.5467,0.3029,35.0,falla,falla,falla,19.0
2018-03-06,0.3216,0.0203,down,15,0.8418,0.2259,77.0,continuacion,continuacion,continuacion,15.0
2018-03-07,0.6044,0.7327,up,54,0.4755,0.2861,44.0,falla,falla,falla,56.0
2018-03-15,0.2739,0.1277,up,30,0.5521,0.2563,50.0,neutro,falla,falla,87.0
2018-03-16,0.1985,0.0293,down,39,0.731,0.2031,21.0,continuacion,continuacion,continuacion,12.0
2018-03-20,0.2568,0.0442,down,20,2.0214,0.5254,90.0,neutro,neutro,falla,165.0
2018-03-22,0.3408,0.1444,down,15,1.5608,0.9112,104.0,neutro,falla,falla,61.0
2018-03-26,0.3802,0.1964,down,15,1.1503,0.9764,56.0,falla,falla,falla,44.0
2018-03-28,0.9705,0.1972,down,15,1.0189,0.4403,6.0,neutro,falla,falla,79.0
2018-03-29,0.6479,0.8433,up,17,0.7127,0.8007,49.0,neutro,neutro,continuacion,122.0
2018-04-03,0.4979,0.2555,down,20,1.0677,1.2981,67.0,falla,falla,falla,10.0
2018-04-04,1.0003,0.8313,up,40,0.904,0.4493,56.0,continuacion,continuacion,continuacion,10.0
2018-04-05,0.5483,0.16,down,15,1.4667,0.2614,7.0,continuacion,continuacion,continuacion,34.0
2018-04-11,0.4558,0.563,up,29,0.7552,0.4047,55.0,continuacion,continuacion,continuacion,59.0
2018-04-12,0.5032,0.9988,up,15,0.6138,0.4507,61.0,neutro,neutro,continuacion,293.0
2018-04-16,0.4641,0.3329,down,20,0.8273,0.2163,88.0,falla,falla,falla,55.0
2018-04-17,0.4033,0.9395,up,15,0.6159,0.2127,44.0,continuacion,continuacion,continuacion,6.0
2018-04-18,0.3444,0.0893,down,16,1.2389,0.3076,34.0,falla,falla,falla,41.0
2018-04-19,0.3269,0.0759,down,15,0.6819,0.3148,99.0,continuacion,continuacion,continuacion,34.0
2018-04-20,0.4952,0.0247,down,15,0.6965,0.2686,33.0,continuacion,continuacion,continuacion,32.0
2018-04-23,0.3876,0.1429,down,15,0.6811,0.3193,14.0,falla,falla,falla,50.0
2018-04-25,1.1084,0.0804,down,15,0.8063,0.3884,20.0,falla,falla,falla,57.0
2018-04-26,0.512,0.6841,up,33,0.8288,0.423,19.0,continuacion,continuacion,continuacion,16.0
2018-04-30,0.4072,0.7716,up,15,0.8835,0.2883,34.0,neutro,falla,falla,74.0
2018-05-01,0.4184,0.0731,up,21,0.6149,0.2052,9.0,continuacion,continuacion,continuacion,14.0
2018-05-03,0.4425,0.1972,up,21,0.8803,0.2854,10.0,falla,falla,falla,20.0
2018-05-08,0.3808,0.0476,down,15,1.0767,0.2061,12.0,neutro,falla,falla,78.0
2018-05-14,0.3651,0.9839,up,43,1.0973,0.2112,38.0,neutro,neutro,falla,144.0
2018-05-15,0.6032,0.2168,down,19,0.8327,0.2156,14.0,neutro,neutro,continuacion,235.0
2018-05-16,0.2089,0.114,up,17,1.1028,0.3558,76.0,neutro,continuacion,continuacion,62.0
2018-05-21,0.4624,0.9372,down,104,0.7404,0.6106,115.0,neutro,neutro,neutro,
2018-05-22,0.2076,0.2023,down,15,1.0946,0.2064,23.0,continuacion,continuacion,continuacion,5.0
2018-05-23,0.3955,0.8182,up,16,0.733,0.3158,45.0,neutro,continuacion,continuacion,76.0
2018-05-29,0.4153,0.8557,up,15,0.7389,0.3775,37.0,neutro,falla,falla,83.0
2018-05-31,0.3824,0.3985,down,78,0.6945,0.2006,5.0,falla,falla,falla,45.0
2018-06-06,0.1996,0.4871,down,27,0.9456,0.4181,63.0,falla,falla,falla,31.0
2018-06-08,0.2543,0.5692,up,16,1.1336,0.2128,105.0,continuacion,continuacion,continuacion,52.0
2018-06-14,0.3689,0.6912,up,31,0.9097,0.271,34.0,neutro,continuacion,continuacion,65.0
2018-06-22,0.5818,0.049,down,16,0.9013,0.3645,74.0,neutro,neutro,neutro,
2018-06-27,0.3021,0.4818,up,18,0.7526,0.3295,66.0,falla,falla,falla,12.0
2018-07-02,0.5004,0.742,up,17,0.9754,0.3173,27.0,continuacion,continuacion,continuacion,11.0
2018-07-05,0.2967,0.8824,down,29,0.7851,0.5009,86.0,falla,falla,falla,38.0
2018-07-11,0.4835,0.5871,up,31,0.7729,0.2321,44.0,neutro,neutro,neutro,
2018-07-13,0.1622,0.1409,down,15,0.9506,0.2397,19.0,falla,falla,falla,22.0
2018-07-16,0.2178,0.665,down,15,1.5112,0.2111,96.0,neutro,neutro,continuacion,199.0
2018-07-18,0.3839,0.2754,down,25,0.5302,0.2114,44.0,neutro,neutro,neutro,
2018-07-20,0.2398,0.5093,up,30,0.9324,0.2393,64.0,neutro,falla,falla,68.0
2018-07-26,0.3385,0.5082,down,16,0.7782,0.2386,12.0,neutro,falla,falla,83.0
2018-07-27,0.5603,0.2762,down,27,0.9435,0.35,24.0,continuacion,continuacion,continuacion,20.0
2018-07-30,1.1325,0.0,down,15,1.1931,0.2225,11.0,neutro,continuacion,continuacion,68.0
2018-07-31,0.6376,0.4902,down,22,1.0722,0.4953,43.0,neutro,falla,falla,85.0
2018-08-01,0.4138,0.8904,up,17,0.769,0.2823,68.0,neutro,falla,falla,90.0
2018-08-06,0.2231,0.3516,up,21,0.6625,0.2609,31.0,neutro,continuacion,continuacion,108.0
2018-08-13,0.2993,0.7967,up,22,0.7214,0.3917,79.0,falla,falla,falla,21.0
2018-08-14,0.2606,0.2569,down,19,1.2221,0.3818,31.0,falla,falla,falla,30.0
2018-08-17,0.4533,0.6412,down,36,0.8491,0.3633,70.0,neutro,neutro,falla,169.0
2018-08-20,0.4183,0.2011,down,20,1.3361,0.2061,13.0,continuacion,continuacion,continuacion,11.0
2018-08-21,0.2276,0.8268,up,17,1.0345,0.216,85.0,continuacion,continuacion,continuacion,25.0
2018-08-23,0.421,0.9987,up,15,0.9988,0.2038,21.0,continuacion,continuacion,continuacion,15.0
2018-08-30,0.2638,0.4501,up,48,0.6011,0.2465,51.0,neutro,continuacion,continuacion,77.0
2018-08-31,0.3444,0.7816,up,16,1.0228,0.2029,42.0,neutro,neutro,falla,222.0
2018-09-04,0.2643,0.6143,up,16,1.0665,0.248,50.0,falla,falla,falla,48.0
2018-09-10,0.5129,0.2473,down,17,1.064,0.3309,34.0,neutro,neutro,neutro,
2018-09-12,0.3901,0.8172,down,24,0.8581,0.6913,79.0,neutro,neutro,neutro,
2018-09-18,0.6952,0.8961,up,15,0.8159,0.202,23.0,continuacion,continuacion,continuacion,6.0
2018-09-19,0.5988,0.1558,down,15,1.0767,0.3897,82.0,neutro,neutro,neutro,
2018-09-20,0.442,0.8397,up,31,0.6836,0.2984,34.0,neutro,continuacion,continuacion,70.0
2018-09-24,0.5411,0.9796,up,15,0.9055,0.417,55.0,continuacion,continuacion,continuacion,39.0
2018-10-08,0.6211,0.918,up,15,0.8526,0.2447,17.0,continuacion,continuacion,continuacion,9.0
2018-10-09,0.6944,0.8066,up,30,1.1438,0.5668,61.0,neutro,neutro,neutro,
2018-10-11,1.1002,0.1871,up,19,1.2196,0.8434,16.0,falla,falla,falla,59.0
2018-10-15,0.7943,0.2845,down,25,0.8656,0.5968,38.0,neutro,neutro,falla,196.0
2018-10-16,0.3919,0.8972,up,15,0.8785,0.2516,24.0,falla,falla,falla,24.0
2018-10-17,0.9923,0.3712,down,30,1.0809,0.2663,26.0,continuacion,continuacion,continuacion,12.0
2018-10-18,0.5922,0.4221,down,30,1.2056,0.2278,16.0,neutro,continuacion,continuacion,62.0
2018-10-19,0.7056,0.9512,up,15,0.99,0.2848,28.0,neutro,falla,falla,83.0
2018-10-22,0.6521,0.1415,down,21,1.0885,0.4901,22.0,falla,falla,falla,35.0
2018-10-23,0.694,0.4488,down,31,0.8904,0.7992,47.0,neutro,falla,falla,98.0
2018-10-24,0.505,0.2526,down,18,0.8623,0.2087,3.0,continuacion,continuacion,continuacion,9.0
2018-10-26,1.181,0.9949,up,15,0.9744,0.3524,6.0,falla,falla,falla,16.0
2018-10-30,1.0932,0.8645,up,20,0.8987,1.0625,46.0,neutro,continuacion,continuacion,73.0
2018-10-31,0.6053,0.9412,up,15,0.9498,0.7958,78.0,neutro,neutro,continuacion,137.0
2018-11-01,0.5423,0.7058,up,20,0.9355,0.3983,88.0,continuacion,continuacion,continuacion,41.0
2018-11-05,1.0058,0.0355,down,15,1.0177,0.2031,20.0,continuacion,continuacion,continuacion,5.0
2018-11-06,1.1013,0.9199,up,15,0.9608,0.246,14.0,neutro,neutro,falla,267.0
2018-11-07,0.6517,0.5536,up,32,0.7843,0.2203,17.0,continuacion,continuacion,continuacion,7.0
2018-11-09,0.663,0.1849,down,39,0.751,0.308,26.0,continuacion,continuacion,continuacion,30.0
2018-11-12,1.1315,0.1257,down,18,1.065,0.2786,19.0,continuacion,continuacion,continuacion,13.0
2018-11-13,0.8265,0.3555,down,29,0.8852,0.4189,8.0,falla,falla,falla,55.0
2018-11-15,1.0356,0.9524,down,60,0.6503,0.4392,10.0,falla,falla,falla,44.0
2018-11-16,0.5369,0.4371,up,16,1.1406,0.8454,95.0,neutro,continuacion,continuacion,86.0
2018-11-20,1.0956,0.959,up,16,1.1263,0.9334,95.0,continuacion,continuacion,continuacion,24.0
2018-11-21,0.8347,0.3664,down,20,1.0399,0.2672,2.0,neutro,falla,falla,87.0
2018-11-23,0.8241,0.878,up,16,0.9873,0.2743,14.0,neutro,neutro,neutro,
2018-11-26,0.51,0.8061,up,15,1.2916,0.4956,38.0,neutro,neutro,falla,132.0
2018-11-27,0.8196,0.4391,up,28,0.7593,0.6523,44.0,continuacion,continuacion,continuacion,21.0
2018-11-28,0.4025,0.1664,down,15,1.1444,0.3167,84.0,falla,falla,falla,51.0
2018-11-29,0.4592,0.5714,down,18,1.2681,0.2392,42.0,continuacion,continuacion,continuacion,14.0
2018-11-30,0.5379,0.3785,up,60,0.8222,0.3266,30.0,neutro,neutro,continuacion,256.0
2018-12-03,0.6453,0.2529,down,17,0.9116,0.3944,16.0,continuacion,continuacion,continuacion,58.0
2018-12-10,1.0751,0.9359,down,23,1.2322,0.2913,2.0,continuacion,continuacion,continuacion,49.0
2018-12-11,0.4613,0.749,down,40,1.0159,0.3031,9.0,continuacion,continuacion,continuacion,31.0
2018-12-13,0.6462,0.4299,down,24,0.6795,0.2241,51.0,continuacion,continuacion,continuacion,2.0
2018-12-14,0.542,0.5011,up,17,1.0381,0.2028,19.0,continuacion,continuacion,continuacion,10.0
2018-12-21,0.5237,0.25,down,15,1.1161,0.3797,15.0,continuacion,continuacion,continuacion,1.0
2018-12-24,1.1893,0.0231,down,15,1.2555,0.8738,26.0,falla,falla,falla,29.0
2018-12-26,0.5635,0.0865,down,15,0.9945,0.2196,3.0,continuacion,continuacion,continuacion,3.0
2018-12-27,0.9408,0.3624,down,18,0.7419,0.3069,3.0,continuacion,continuacion,continuacion,1.0
2018-12-31,0.5,0.5979,down,20,0.9907,0.2335,7.0,continuacion,continuacion,continuacion,17.0
2019-01-02,0.7092,0.8869,up,15,1.1492,0.2106,6.0,continuacion,continuacion,continuacion,5.0
2019-01-03,0.7303,0.396,down,16,0.9993,0.3287,10.0,continuacion,continuacion,continuacion,4.0
2019-01-04,0.8443,0.8907,up,15,0.7909,0.3784,31.0,continuacion,continuacion,continuacion,6.0
2019-01-10,0.4213,0.1791,down,17,0.8224,0.2201,12.0,falla,falla,falla,23.0
2019-01-14,0.4799,0.6189,up,49,0.9872,0.3578,59.0,continuacion,continuacion,continuacion,20.0
2019-01-15,0.8762,0.9857,up,15,0.9798,0.217,7.0,continuacion,continuacion,continuacion,8.0
2019-01-16,0.4498,0.9042,up,15,0.7904,0.3063,15.0,falla,falla,falla,40.0
2019-01-17,0.3906,0.9049,up,16,0.7144,0.3823,33.0,continuacion,continuacion,continuacion,58.0
2019-01-22,0.3117,0.3922,down,17,0.7597,0.2023,8.0,continuacion,continuacion,continuacion,11.0
2019-01-24,0.4066,0.5455,up,15,0.9958,0.27,50.0,falla,falla,falla,37.0
2019-01-28,0.4876,0.3047,down,17,0.3233,0.2096,2.0,continuacion,continuacion,continuacion,3.0
2019-01-30,0.3736,0.3607,down,29,0.5063,0.2566,15.0,neutro,falla,falla,115.0
2019-02-01,0.604,0.8208,up,15,0.8589,0.2081,45.0,neutro,neutro,falla,215.0
2019-02-04,0.3108,0.2115,up,17,0.8307,0.2264,14.0,continuacion,continuacion,continuacion,10.0
2019-02-05,0.6077,0.9806,up,22,0.8534,0.222,78.0,neutro,neutro,continuacion,250.0
2019-02-06,0.3931,0.3443,down,30,1.1417,0.5566,40.0,neutro,neutro,neutro,
2019-02-11,0.4508,0.092,down,15,0.8481,0.3377,97.0,neutro,neutro,continuacion,142.0
2019-02-12,0.4259,0.9445,up,15,0.858,0.2176,58.0,continuacion,continuacion,continuacion,12.0
2019-02-13,0.3913,0.5678,down,40,0.6896,0.3027,113.0,neutro,neutro,continuacion,224.0
2019-02-14,0.4187,0.6343,up,25,0.9836,0.4046,42.0,neutro,continuacion,continuacion,98.0
2019-02-21,0.4557,0.0525,down,15,1.1236,0.4084,79.0,neutro,falla,falla,89.0
2019-02-26,0.371,0.936,up,22,1.0507,0.2652,58.0,continuacion,continuacion,continuacion,26.0
2019-02-27,0.3413,0.7458,down,25,0.634,0.66,93.0,neutro,falla,falla,115.0
2019-03-05,0.2411,0.3595,down,15,1.0312,0.2871,15.0,falla,falla,falla,52.0
2019-03-07,0.4933,0.0588,down,15,1.0285,0.5867,106.0,neutro,neutro,continuacion,187.0
2019-03-08,0.3077,0.4818,up,16,0.8796,0.2355,48.0,continuacion,continuacion,continuacion,9.0
2019-03-21,0.1555,0.8577,up,15,1.1605,0.3149,45.0,continuacion,continuacion,continuacion,28.0
2019-03-22,0.3319,0.3983,down,15,1.0493,0.2163,10.0,continuacion,continuacion,continuacion,5.0
2019-03-25,0.2882,0.4129,up,19,0.835,0.5231,71.0,neutro,falla,falla,109.0
2019-03-29,0.2799,0.0619,down,15,1.2289,0.2235,15.0,falla,falla,falla,31.0
2019-04-10,0.2553,0.9151,up,71,0.6599,0.2,81.0,neutro,neutro,continuacion,187.0
2019-04-17,0.2941,0.3085,down,24,0.7934,0.395,32.0,neutro,continuacion,continuacion,69.0
2019-04-18,0.2615,0.2638,down,23,1.2414,0.2626,19.0,continuacion,continuacion,continuacion,9.0
2019-04-25,0.4312,0.341,down,42,1.1798,0.4938,33.0,neutro,neutro,neutro,
2019-04-26,0.6349,0.2092,down,17,0.8482,0.2275,16.0,neutro,neutro,falla,297.0
2019-04-30,0.3913,0.8095,down,57,0.9818,0.4765,83.0,neutro,neutro,neutro,
2019-05-02,0.3823,0.7226,up,24,0.7628,0.2747,34.0,falla,falla,falla,52.0
2019-05-06,0.8948,0.982,up,15,0.8362,0.2972,61.0,continuacion,continuacion,continuacion,5.0
2019-05-07,0.4425,0.4826,down,18,1.3169,0.3035,7.0,continuacion,continuacion,continuacion,6.0
2019-05-08,0.627,0.6991,up,16,0.7864,0.5323,107.0,neutro,neutro,neutro,
2019-05-09,0.4863,0.0224,down,15,0.9135,0.3547,14.0,continuacion,continuacion,continuacion,2.0
2019-05-13,0.6503,0.7088,down,21,1.348,0.2832,6.0,continuacion,continuacion,continuacion,4.0
2019-05-14,0.3685,0.9092,up,15,1.0465,0.2222,49.0,continuacion,continuacion,continuacion,7.0
2019-05-17,0.6452,0.8307,up,17,0.925,0.7328,114.0,neutro,neutro,falla,215.0
2019-05-20,0.7417,0.2707,up,55,0.6807,0.2879,19.0,neutro,neutro,neutro,
2019-05-21,0.2752,0.4188,down,15,1.1602,0.2322,31.0,falla,falla,falla,28.0
2019-05-22,0.3768,0.6916,up,24,0.8323,0.3081,24.0,neutro,neutro,falla,172.0
2019-05-29,0.4443,0.6415,up,45,0.9759,0.2265,22.0,falla,falla,falla,46.0
2019-06-05,0.49,0.0116,down,15,0.6071,0.2561,11.0,continuacion,continuacion,continuacion,17.0
2019-06-12,0.4335,0.6195,down,54,0.6599,0.2192,13.0,neutro,continuacion,continuacion,98.0
2019-06-17,0.4649,0.8353,up,18,1.0863,0.2668,29.0,continuacion,continuacion,continuacion,18.0
2019-06-18,0.9714,0.8834,up,16,0.9915,0.2617,97.0,neutro,neutro,neutro,
2019-06-21,0.2663,0.3812,up,26,0.5463,0.5825,116.0,neutro,neutro,neutro,
2019-06-28,0.3599,0.2101,down,18,1.061,0.2194,26.0,neutro,neutro,neutro,
2019-07-05,0.2057,0.2072,down,15,0.7554,0.2421,22.0,continuacion,continuacion,continuacion,19.0
2019-07-10,0.5428,0.7788,up,18,1.1226,0.2284,18.0,neutro,falla,falla,72.0
2019-07-17,0.2129,0.7543,down,44,0.7264,0.3051,89.0,neutro,neutro,continuacion,252.0
2019-07-19,0.311,0.0849,down,15,0.9473,0.2376,33.0,continuacion,continuacion,continuacion,10.0
2019-07-22,0.3239,0.8694,up,17,0.7811,0.2395,26.0,neutro,neutro,continuacion,232.0
2019-07-23,0.2746,0.2245,down,15,0.9219,0.3367,56.0,neutro,continuacion,continuacion,82.0
2019-07-24,0.3679,0.8718,up,16,0.9061,0.3407,76.0,neutro,neutro,continuacion,180.0
2019-07-25,0.4597,0.1236,down,16,0.9477,0.202,12.0,continuacion,continuacion,continuacion,29.0
2019-07-29,0.4845,0.0755,down,20,0.8645,0.4325,90.0,neutro,neutro,neutro,
2019-08-05,0.6312,0.0443,down,15,1.071,0.3949,78.0,continuacion,continuacion,continuacion,57.0
2019-08-06,0.499,0.6923,down,17,1.0226,0.3625,38.0,continuacion,continuacion,continuacion,49.0
2019-08-07,0.5868,0.1783,down,15,0.1817,0.4158,10.0,falla,falla,falla,15.0
2019-08-09,0.3791,0.1408,down,15,1.0521,0.353,20.0,continuacion,continuacion,continuacion,3.0
2019-08-14,0.4858,0.3671,down,15,0.8058,0.2275,31.0,continuacion,continuacion,continuacion,21.0
2019-08-16,0.3586,0.5439,up,50,0.9536,0.3032,2.0,continuacion,continuacion,continuacion,21.0
2019-08-19,0.3676,0.7395,down,24,0.8206,0.2713,33.0,neutro,falla,falla,75.0
2019-08-23,0.2251,0.5952,down,17,0.6045,0.365,12.0,falla,falla,falla,3.0
2019-08-26,0.409,0.1079,down,17,0.6318,0.3104,40.0,falla,falla,falla,46.0
2019-08-28,0.6561,0.575,up,26,0.9128,0.245,21.0,continuacion,continuacion,continuacion,25.0
2019-09-25,0.3206,0.0682,down,15,0.849,0.6615,23.0,falla,falla,falla,46.0
2019-09-27,0.3595,0.2353,down,16,0.9415,0.5028,59.0,continuacion,continuacion,continuacion,52.0
2019-09-30,0.3202,0.485,up,20,0.9428,0.2186,29.0,neutro,continuacion,continuacion,67.0
2019-10-02,0.622,0.2087,down,20,0.8796,0.2921,15.0,continuacion,continuacion,continuacion,26.0
2019-10-03,0.4744,0.3904,down,30,1.2689,0.9749,27.0,falla,falla,falla,36.0
2019-10-08,0.4724,0.2955,down,20,0.9235,0.4133,30.0,neutro,neutro,falla,145.0
2019-10-11,0.315,0.9318,up,15,1.0146,0.2142,5.0,continuacion,continuacion,continuacion,13.0
2019-10-21,0.3173,0.5254,down,19,0.7664,0.2124,22.0,neutro,falla,falla,62.0
2019-10-24,0.2229,0.652,down,23,0.9538,0.3258,51.0,falla,falla,falla,45.0
2019-10-31,0.3203,0.0491,down,15,0.8579,0.5533,81.0,neutro,neutro,neutro,
2019-11-06,0.2662,0.2844,down,20,0.7378,0.2356,116.0,continuacion,continuacion,continuacion,2.0
2019-11-07,0.3141,0.7619,up,45,0.8364,0.2435,107.0,neutro,neutro,falla,162.0
2019-11-19,0.1819,0.0541,down,15,0.9653,0.2217,32.0,continuacion,continuacion,continuacion,30.0
2019-12-03,0.4704,0.4366,down,18,0.7149,0.2054,3.0,neutro,neutro,falla,203.0
2019-12-05,0.2769,0.5169,down,28,0.8695,0.3697,82.0,neutro,neutro,neutro,
2019-12-10,0.3785,0.5455,up,36,0.9021,0.3281,57.0,neutro,neutro,neutro,
2019-12-11,0.1622,0.9063,up,18,0.8501,0.23,64.0,neutro,neutro,continuacion,194.0
2019-12-12,0.9884,0.8169,up,29,0.8568,0.3923,46.0,neutro,neutro,neutro,
2019-12-13,0.3884,0.9137,up,15,0.9303,0.5567,45.0,neutro,neutro,neutro,
2019-12-27,0.2153,0.1974,down,19,0.8235,0.383,47.0,neutro,neutro,continuacion,312.0
2019-12-30,0.7737,0.0061,down,15,0.9664,0.2458,9.0,continuacion,continuacion,continuacion,19.0
2020-01-03,0.7882,0.9584,up,151,0.5168,0.2326,77.0,neutro,neutro,neutro,
2020-01-08,0.4323,0.9452,up,24,0.8812,0.2221,96.0,continuacion,continuacion,continuacion,7.0
2020-01-30,0.7726,0.8707,down,75,0.7989,0.2176,13.0,continuacion,continuacion,continuacion,2.0
2020-01-31,0.6615,0.0878,down,15,0.9325,0.2251,10.0,continuacion,continuacion,continuacion,9.0
2020-02-05,0.8985,0.0829,down,43,0.8252,0.5829,114.0,neutro,neutro,neutro,
2020-02-11,0.4438,0.6508,up,38,0.6887,0.2914,83.0,neutro,neutro,falla,152.0
2020-02-12,0.2448,0.2802,down,19,0.9792,0.2015,9.0,continuacion,continuacion,continuacion,9.0
2020-02-21,0.8186,0.1684,down,15,1.0889,0.4696,12.0,continuacion,continuacion,continuacion,43.0
2020-02-24,1.6773,0.9837,up,16,0.9799,0.2414,31.0,neutro,neutro,neutro,
2020-02-25,0.7608,0.0183,down,15,0.9677,0.2965,4.0,continuacion,continuacion,continuacion,31.0
2020-02-26,1.5248,0.8727,up,65,0.9023,0.2503,19.0,neutro,falla,falla,82.0
2020-02-27,1.0461,0.3907,down,16,0.9713,0.2467,2.0,continuacion,continuacion,continuacion,35.0
2020-02-28,2.4074,0.5681,up,112,0.9454,2.0945,34.0,neutro,neutro,neutro,
2020-03-02,1.3145,0.4482,down,35,0.9572,0.2614,3.0,continuacion,continuacion,continuacion,1.0
2020-03-03,1.1273,0.2355,down,20,0.9048,0.6433,10.0,falla,falla,falla,1.0
2020-03-04,1.0995,0.3438,down,23,0.9852,0.2407,4.0,continuacion,continuacion,continuacion,1.0
2020-03-05,0.919,0.8309,up,48,0.938,0.4107,8.0,continuacion,continuacion,continuacion,27.0
2020-03-09,0.7003,0.2317,down,15,1.0719,0.3854,13.0,continuacion,continuacion,continuacion,9.0
2020-03-11,0.627,0.0161,down,19,0.9473,0.2173,9.0,continuacion,continuacion,continuacion,22.0
2020-03-12,0.955,0.2804,up,22,0.9714,0.4214,3.0,falla,falla,falla,13.0
2020-03-13,1.2332,0.1331,down,22,0.7603,0.8285,12.0,continuacion,continuacion,continuacion,23.0
2020-03-16,2.4367,0.7918,up,16,0.9102,0.3415,22.0,continuacion,continuacion,continuacion,1.0
2020-03-17,1.0924,0.9679,up,15,1.2322,0.2274,2.0,continuacion,continuacion,continuacion,1.0
2020-03-18,1.0533,0.7629,down,17,1.0818,0.2214,2.0,continuacion,continuacion,continuacion,2.0
2020-03-19,2.197,0.1935,down,17,1.0901,0.6052,7.0,falla,falla,falla,31.0
2020-03-20,0.7399,0.1866,down,15,1.0076,0.3313,2.0,falla,falla,falla,6.0
2020-03-23,1.207,0.7024,down,24,0.9983,0.9009,16.0,continuacion,continuacion,continuacion,3.0
2020-03-24,0.46,0.5289,down,16,0.942,0.5321,14.0,continuacion,continuacion,continuacion,6.0
2020-03-25,1.0811,0.5969,up,29,0.9065,0.3711,13.0,continuacion,continuacion,continuacion,14.0
2020-03-26,0.965,0.5386,down,18,1.0547,0.2411,6.0,falla,falla,falla,35.0
2020-03-27,0.5236,0.5258,up,30,1.0846,0.9397,32.0,falla,falla,falla,31.0
2020-03-30,0.7148,0.6965,up,37,0.9854,0.2622,16.0,continuacion,continuacion,continuacion,5.0
2020-03-31,0.4786,0.3753,down,24,0.9363,0.6228,21.0,continuacion,continuacion,continuacion,49.0
2020-04-01,0.926,0.5444,up,46,0.9675,0.2205,23.0,continuacion,continuacion,continuacion,7.0
2020-04-03,1.1579,0.8174,down,52,1.0162,0.3029,14.0,continuacion,continuacion,continuacion,1.0
2020-04-07,1.1991,0.3379,down,36,0.9768,1.5833,101.0,neutro,neutro,continuacion,184.0
2020-04-08,0.6422,0.4654,down,19,0.891,0.2877,3.0,continuacion,continuacion,continuacion,5.0
2020-04-09,1.0698,0.9582,down,38,0.9346,0.2188,2.0,continuacion,continuacion,continuacion,4.0
2020-04-13,0.802,0.2936,down,17,0.8713,0.2655,39.0,continuacion,continuacion,continuacion,37.0
2020-04-14,0.9883,0.9711,up,15,0.8179,0.8064,87.0,continuacion,continuacion,continuacion,50.0
2020-04-16,0.5834,0.4468,down,24,0.8741,0.6256,29.0,falla,falla,falla,26.0
2020-04-17,1.225,0.2939,down,68,0.8438,0.2623,15.0,continuacion,continuacion,continuacion,28.0
2020-04-20,0.6289,0.2754,up,54,0.8713,0.2379,15.0,continuacion,continuacion,continuacion,5.0
2020-04-21,1.3056,0.0187,down,15,1.0395,0.2202,36.0,continuacion,continuacion,continuacion,2.0
2020-04-23,0.937,0.8481,up,48,0.9066,0.4827,53.0,neutro,falla,falla,94.0
2020-04-24,0.5945,0.1528,down,16,1.1353,0.3467,6.0,continuacion,continuacion,continuacion,7.0
2020-04-27,0.4321,0.3215,up,27,0.9498,0.2035,24.0,falla,falla,falla,38.0
2020-04-29,0.5856,0.9119,up,15,0.9341,0.3419,24.0,continuacion,continuacion,continuacion,7.0
2020-04-30,0.8803,0.3802,down,150,0.9216,0.2801,7.0,continuacion,continuacion,continuacion,23.0
2020-05-01,0.7146,0.4905,up,30,1.2599,0.4078,10.0,neutro,falla,falla,80.0
2020-05-05,0.5348,0.7838,up,18,0.9362,0.3299,23.0,neutro,continuacion,continuacion,70.0
2020-05-06,0.6215,0.6547,down,27,1.0436,0.4064,21.0,falla,falla,falla,27.0
2020-05-07,0.5342,0.729,down,37,0.8619,0.2981,53.0,falla,falla,falla,46.0
2020-05-08,0.5668,0.4449,up,46,0.8567,0.295,33.0,continuacion,continuacion,continuacion,53.0
2020-05-11,0.7082,0.8602,up,15,0.9536,0.3647,53.0,continuacion,continuacion,continuacion,8.0
2020-05-12,0.8761,0.3836,down,20,0.9904,0.2919,6.0,neutro,neutro,continuacion,322.0
2020-05-13,1.0779,0.3274,up,32,0.8592,0.256,22.0,continuacion,continuacion,continuacion,3.0
2020-05-14,0.7033,0.1503,down,18,0.9995,0.6486,21.0,continuacion,continuacion,continuacion,20.0
2020-05-15,0.7282,0.8868,up,23,0.917,0.2596,9.0,continuacion,continuacion,continuacion,8.0
2020-05-19,0.59,0.6495,up,26,0.8878,0.3193,32.0,continuacion,continuacion,continuacion,47.0
2020-05-20,0.4363,0.95,up,16,0.8767,0.3294,46.0,continuacion,continuacion,continuacion,42.0
2020-05-21,0.4327,0.881,down,24,1.1076,0.4067,29.0,continuacion,continuacion,continuacion,7.0
2020-05-22,0.5147,0.3424,up,23,0.9918,0.328,13.0,neutro,neutro,continuacion,178.0
2020-05-26,0.5212,0.3881,down,20,0.9758,0.3917,16.0,continuacion,continuacion,continuacion,37.0
2020-05-27,0.6503,0.277,down,16,1.0049,0.6596,27.0,continuacion,continuacion,continuacion,24.0
2020-05-28,0.8471,0.9119,up,38,0.9492,0.4417,74.0,continuacion,continuacion,continuacion,36.0
2020-06-01,0.5565,0.9373,up,15,0.8799,0.2615,28.0,neutro,neutro,continuacion,148.0
2020-06-04,0.3902,0.9674,up,15,0.9834,0.3545,20.0,neutro,falla,falla,67.0
2020-06-05,1.1205,0.9883,up,15,0.966,0.2392,59.0,continuacion,continuacion,continuacion,17.0
2020-06-08,0.3766,0.2444,down,15,1.0293,0.2343,7.0,continuacion,continuacion,continuacion,9.0
2020-06-11,0.7846,0.3337,up,42,0.7488,0.2717,31.0,falla,falla,falla,18.0
2020-06-15,0.9116,0.5735,up,25,0.891,0.6807,44.0,continuacion,continuacion,continuacion,34.0
2020-06-18,0.3956,0.8533,up,18,0.8996,0.2538,104.0,neutro,neutro,falla,208.0
2020-06-23,0.4039,0.8102,up,17,0.9945,0.3095,59.0,continuacion,continuacion,continuacion,22.0
2020-06-25,1.075,0.1381,down,16,1.0223,0.2568,5.0,neutro,neutro,falla,130.0
2020-07-08,0.4542,0.8198,up,17,0.9366,0.2394,29.0,neutro,falla,falla,62.0
2020-07-10,0.858,0.4173,down,30,1.0186,0.2961,6.0,neutro,neutro,falla,181.0
2020-07-14,1.416,0.8564,down,21,1.0116,0.8994,7.0,continuacion,continuacion,continuacion,14.0
2020-07-15,0.8256,0.9721,down,93,0.8641,0.3144,2.0,continuacion,continuacion,continuacion,1.0
2020-07-16,0.5915,0.6581,down,31,0.9756,0.2291,2.0,continuacion,continuacion,continuacion,5.0
2020-07-17,0.6394,0.0491,down,16,1.0681,0.4028,61.0,neutro,neutro,falla,245.0
2020-07-21,0.8837,0.0642,down,40,1.0023,0.2064,18.0,continuacion,continuacion,continuacion,9.0
2020-07-22,0.4776,0.2863,up,23,0.777,0.2262,15.0,falla,falla,falla,39.0
2020-07-23,0.4331,0.8773,up,15,0.9047,0.2419,7.0,falla,falla,falla,20.0
2020-07-24,1.2653,0.4371,up,39,0.8687,0.2943,22.0,continuacion,continuacion,continuacion,23.0
2020-07-27,0.9165,0.9485,up,19,0.9233,0.2279,15.0,neutro,falla,falla,94.0
2020-07-28,0.6281,0.5003,down,21,0.9659,0.2054,4.0,neutro,falla,falla,105.0
2020-07-31,1.1107,0.3632,down,33,1.07,0.6122,35.0,neutro,continuacion,continuacion,119.0
2020-08-03,0.5562,0.9933,up,15,0.8729,0.2302,19.0,neutro,neutro,continuacion,274.0
2020-08-04,0.3981,0.9635,up,15,0.9548,0.2934,44.0,neutro,neutro,falla,242.0
2020-08-05,0.3412,0.1422,up,21,0.9085,0.2252,26.0,continuacion,continuacion,continuacion,49.0
2020-08-07,0.2853,0.5513,up,17,0.8951,0.2407,76.0,falla,falla,falla,25.0
2020-08-11,0.6699,0.7711,up,15,0.9855,0.3716,120.0,continuacion,continuacion,continuacion,39.0
2020-08-13,0.5764,0.8529,up,60,0.725,0.2665,61.0,neutro,continuacion,continuacion,88.0
2020-08-14,0.4335,0.7788,down,16,1.0427,0.5547,65.0,neutro,neutro,neutro,
2020-08-17,0.27,0.7037,up,16,0.8827,0.2153,25.0,neutro,neutro,continuacion,172.0
2020-08-18,0.4814,0.6083,down,24,0.9785,0.2932,18.0,continuacion,continuacion,continuacion,16.0
2020-08-19,0.4223,0.0948,down,15,1.0248,0.3026,15.0,falla,falla,falla,60.0
2020-08-25,0.4958,0.7857,up,46,0.7203,0.511,88.0,neutro,neutro,continuacion,170.0
2020-08-28,0.2674,0.6658,down,16,0.993,0.2123,6.0,falla,falla,falla,7.0
2020-08-31,0.3793,1.0,up,15,0.9162,0.4937,97.0,neutro,continuacion,continuacion,91.0
2020-09-01,0.6353,0.6919,up,22,0.8963,0.3292,22.0,continuacion,continuacion,continuacion,8.0
2020-09-02,0.6134,0.589,down,21,0.9847,0.9355,41.0,continuacion,continuacion,continuacion,56.0
2020-09-08,1.353,0.2619,up,26,0.9319,0.2222,2.0,continuacion,continuacion,continuacion,1.0
2020-09-10,0.5501,0.4218,down,20,0.8459,0.2245,3.0,falla,falla,falla,10.0
2020-09-11,0.9979,0.2832,down,26,1.1164,0.3967,8.0,continuacion,continuacion,continuacion,6.0
2020-09-14,0.6879,0.941,up,15,0.8615,0.2833,8.0,continuacion,continuacion,continuacion,9.0
2020-09-16,0.4771,0.0,down,16,1.0919,0.2258,5.0,continuacion,continuacion,continuacion,27.0
2020-09-17,0.7634,0.5541,up,17,0.9567,0.742,36.0,continuacion,continuacion,continuacion,22.0
2020-09-18,0.5879,0.3333,down,15,0.8098,0.4655,15.0,continuacion,continuacion,continuacion,31.0
2020-09-21,0.9914,0.6795,up,16,1.0069,0.2274,4.0,continuacion,continuacion,continuacion,2.0
2020-09-22,0.7836,0.0766,down,15,1.1393,0.332,11.0,neutro,continuacion,continuacion,63.0
2020-09-23,0.5209,0.5882,down,22,1.2819,0.2621,9.0,continuacion,continuacion,continuacion,4.0
2020-09-24,0.7392,0.7152,up,16,0.947,1.4133,49.0,continuacion,continuacion,continuacion,57.0
2020-09-28,0.5087,0.1279,down,15,1.0072,0.2693,13.0,continuacion,continuacion,continuacion,9.0
2020-10-01,0.2915,0.2695,down,15,0.9462,0.2058,11.0,continuacion,continuacion,continuacion,4.0
2020-10-02,1.0702,0.8508,up,17,0.9931,0.4236,51.0,neutro,falla,falla,76.0
2020-10-08,0.4195,0.0924,down,16,0.988,0.3452,47.0,neutro,neutro,neutro,
2020-10-15,0.8651,0.9794,up,16,0.8088,0.2075,11.0,falla,falla,falla,46.0
2020-10-16,0.354,0.7194,up,30,0.7872,0.4387,48.0,falla,falla,falla,22.0
2020-10-20,0.5921,0.6012,up,29,0.8217,0.2908,20.0,falla,falla,falla,41.0
2020-10-21,0.7143,0.9261,up,15,0.8864,0.3282,22.0,neutro,falla,falla,68.0
2020-10-23,0.6861,0.2164,down,20,1.0264,0.24,17.0,neutro,continuacion,continuacion,92.0
2020-10-26,0.8148,0.7612,up,22,0.76,0.2851,15.0,falla,falla,falla,42.0
2020-10-27,0.5277,0.9865,up,15,0.8934,0.2731,102.0,continuacion,continuacion,continuacion,29.0
2020-10-29,0.6683,0.2806,up,24,0.799,0.237,6.0,continuacion,continuacion,continuacion,2.0
2020-10-30,0.9615,0.042,down,15,1.0787,0.3701,10.0,continuacion,continuacion,continuacion,18.0
2020-11-02,0.6756,0.7482,up,21,0.887,0.2382,5.0,falla,falla,falla,47.0
2020-11-05,0.6922,0.7427,up,15,0.974,0.4354,39.0,neutro,neutro,continuacion,259.0
2020-11-06,1.1532,0.054,down,22,0.8571,0.241,8.0,neutro,falla,falla,95.0
2020-11-09,1.3724,0.3897,up,34,0.8123,0.4228,32.0,neutro,neutro,falla,219.0
2020-11-10,1.0296,0.1814,down,15,1.0075,1.0892,87.0,neutro,neutro,neutro,
2020-11-13,0.4424,0.726,down,30,0.8177,0.335,26.0,continuacion,continuacion,continuacion,12.0
2020-11-16,0.7793,0.9827,up,15,0.885,0.2228,53.0,continuacion,continuacion,continuacion,20.0
2020-11-17,0.4484,0.1457,down,15,0.8488,0.2151,15.0,neutro,neutro,falla,210.0
2020-11-18,0.3707,0.7417,down,22,1.036,0.2743,14.0,neutro,falla,falla,108.0
2020-11-19,0.4432,0.9836,up,15,0.8758,0.2651,28.0,continuacion,continuacion,continuacion,25.0
2020-11-27,0.3226,0.6348,up,30,0.6002,0.4283,108.0,neutro,neutro,neutro,
2020-12-01,0.4056,0.7705,up,16,0.924,0.3844,45.0,continuacion,continuacion,continuacion,58.0
2020-12-03,0.3154,0.4786,up,33,0.9786,0.2954,32.0,falla,falla,falla,34.0
2020-12-04,0.3096,0.883,up,16,0.8918,0.2463,37.0,continuacion,continuacion,continuacion,26.0
2020-12-07,0.4455,0.867,up,17,0.9154,0.2346,107.0,neutro,neutro,neutro,
2020-12-08,0.4026,0.3899,down,17,0.8727,0.2714,44.0,neutro,falla,falla,89.0
2020-12-14,0.6109,0.9136,up,16,0.9921,0.2526,25.0,continuacion,continuacion,continuacion,3.0
2020-12-15,0.3401,0.3567,down,68,0.7529,0.5527,120.0,neutro,neutro,falla,142.0
2020-12-17,0.2322,0.2372,down,26,0.8951,0.2029,31.0,continuacion,continuacion,continuacion,31.0
2020-12-21,0.6339,0.4637,down,19,0.9141,0.8459,104.0,neutro,falla,falla,78.0
2020-12-22,0.3234,0.8609,up,16,0.8361,0.2682,15.0,falla,falla,falla,60.0
2020-12-28,0.2407,0.3347,down,19,1.1287,0.3788,45.0,falla,falla,falla,27.0
2020-12-29,0.2999,0.5643,down,25,0.9509,0.5387,43.0,neutro,neutro,continuacion,129.0
2020-12-30,0.3827,0.1493,down,15,0.8315,0.3068,66.0,neutro,neutro,neutro,
2021-01-05,0.8244,0.9563,up,15,0.7512,0.2381,32.0,neutro,neutro,continuacion,230.0
2021-01-06,0.5752,0.8347,up,17,0.8956,0.3445,13.0,continuacion,continuacion,continuacion,10.0
2021-01-11,0.6298,0.3886,up,36,0.8017,0.2375,38.0,neutro,continuacion,continuacion,106.0
2021-01-12,0.42,0.522,down,17,0.8916,0.3882,10.0,neutro,neutro,continuacion,127.0
2021-01-13,0.4047,0.0701,up,20,0.9137,0.2131,6.0,continuacion,continuacion,continuacion,38.0
2021-01-19,0.3219,0.179,down,17,0.8836,0.2197,12.0,continuacion,continuacion,continuacion,3.0
2021-01-21,0.4668,0.3183,up,40,0.7671,0.3567,88.0,neutro,neutro,continuacion,157.0
2021-01-22,0.2617,0.8235,up,15,1.0335,0.2153,29.0,falla,falla,falla,24.0
2021-01-27,1.2848,0.0676,down,15,0.9798,0.3014,6.0,continuacion,continuacion,continuacion,1.0
2021-01-28,0.8937,0.9052,up,45,1.0893,0.2168,5.0,continuacion,continuacion,continuacion,2.0
2021-02-01,0.4216,0.2908,down,15,0.9512,0.6037,29.0,falla,falla,falla,21.0
2021-02-02,0.4368,0.9015,up,15,0.9771,0.2415,41.0,neutro,continuacion,continuacion,78.0
2021-02-03,0.6312,0.2704,down,40,0.9124,0.5273,91.0,neutro,neutro,continuacion,258.0
2021-02-23,1.4907,0.0067,down,15,1.0432,0.5309,6.0,falla,falla,falla,34.0
2021-02-24,0.899,0.2246,down,31,0.9273,0.3189,6.0,continuacion,continuacion,continuacion,3.0
2021-02-25,0.8465,0.636,down,33,1.0378,0.3766,7.0,continuacion,continuacion,continuacion,2.0
2021-02-26,0.7806,0.5408,down,20,1.0063,1.3922,56.0,neutro,falla,falla,82.0
2021-03-02,0.7205,0.1983,down,17,1.0331,0.2174,6.0,continuacion,continuacion,continuacion,33.0
2021-03-03,0.9421,0.1751,down,16,0.9215,0.8342,75.0,neutro,continuacion,continuacion,118.0
2021-03-04,0.9179,0.5934,down,17,1.0349,1.1053,48.0,falla,falla,falla,27.0
2021-03-05,1.2785,0.2936,down,19,1.0528,0.7022,13.0,continuacion,continuacion,continuacion,19.0
2021-03-08,1.2639,0.9402,up,15,0.9972,0.2292,53.0,neutro,falla,falla,72.0
2021-03-12,0.5867,0.7264,up,20,0.9912,0.2453,17.0,falla,falla,falla,20.0
2021-03-15,0.353,0.883,up,15,1.0932,0.2564,32.0,falla,falla,falla,11.0
2021-03-17,0.5138,0.0184,down,15,0.9767,0.258,25.0,continuacion,continuacion,continuacion,28.0
2021-03-19,0.7813,0.9053,up,16,0.9137,0.2809,102.0,continuacion,continuacion,continuacion,7.0
2021-03-23,0.4589,0.3007,up,26,0.6442,0.4568,42.0,neutro,neutro,falla,199.0
2021-03-24,0.324,0.8325,up,15,1.0073,0.6264,65.0,neutro,falla,falla,70.0
2021-03-25,0.3843,0.2521,down,16,1.0214,0.7331,45.0,falla,falla,falla,54.0
2021-03-30,0.4773,0.9323,up,39,1.115,0.3214,39.0,neutro,neutro,neutro,
2021-04-07,0.3492,0.9313,up,15,1.0449,0.5237,115.0,neutro,neutro,continuacion,153.0
2021-04-09,0.3214,0.9897,up,15,0.977,0.3264,46.0,neutro,continuacion,continuacion,69.0
2021-04-12,0.2355,0.3552,down,18,0.9335,0.2469,12.0,continuacion,continuacion,continuacion,42.0
2021-04-15,0.3917,0.6915,up,45,0.9466,0.2469,66.0,neutro,continuacion,continuacion,100.0
2021-04-19,0.4443,0.861,down,35,1.0996,0.647,74.0,continuacion,continuacion,continuacion,26.0
2021-04-21,0.4611,0.4344,up,18,0.7547,0.2978,18.0,continuacion,continuacion,continuacion,19.0
2021-04-23,0.3305,0.6036,up,20,1.173,0.2226,40.0,continuacion,continuacion,continuacion,3.0
2021-04-28,0.405,0.5113,up,18,0.686,0.2766,41.0,neutro,falla,falla,91.0
2021-04-30,0.3767,0.6216,up,18,0.8993,0.4576,71.0,neutro,neutro,falla,174.0
2021-05-05,0.4435,0.6397,down,27,1.0706,0.5427,37.0,neutro,neutro,continuacion,268.0
2021-05-06,0.6294,0.5733,down,30,0.9947,0.2567,24.0,neutro,falla,falla,70.0
2021-05-07,0.5704,0.5211,up,19,1.1026,0.4955,68.0,neutro,neutro,falla,184.0
2021-05-10,0.894,0.1319,down,23,0.8941,0.2458,16.0,continuacion,continuacion,continuacion,21.0
2021-05-11,1.0818,0.9302,up,21,0.8838,0.4031,16.0,neutro,continuacion,continuacion,75.0
2021-05-19,0.7307,0.9351,up,15,1.0354,0.2856,48.0,continuacion,continuacion,continuacion,17.0
2021-05-25,0.4383,0.2738,down,21,0.9386,0.201,12.0,continuacion,continuacion,continuacion,30.0
2021-06-10,0.8019,0.9552,up,15,0.9081,0.3035,28.0,neutro,neutro,continuacion,346.0
2021-06-14,0.3583,0.8852,up,15,0.9609,0.2169,8.0,neutro,neutro,continuacion,131.0
2021-06-18,0.619,0.7968,down,102,0.8371,0.2422,20.0,neutro,neutro,neutro,
2021-06-25,0.2003,0.786,down,21,0.7823,0.2626,14.0,continuacion,continuacion,continuacion,7.0
2021-07-07,0.4433,0.5309,down,33,0.9754,0.6119,106.0,neutro,neutro,neutro,
2021-07-15,0.7127,0.1708,down,58,1.1677,0.2745,23.0,continuacion,continuacion,continuacion,12.0
2021-07-26,0.3328,0.909,up,16,1.0117,0.2066,58.0,neutro,continuacion,continuacion,72.0
2021-07-28,0.8124,0.0546,up,40,0.9362,0.3386,31.0,neutro,neutro,neutro,
2021-07-30,0.359,0.8693,up,15,0.8246,0.3987,48.0,neutro,neutro,neutro,
2021-08-13,0.1718,0.2552,up,16,1.2157,0.3125,94.0,neutro,neutro,neutro,
2021-08-19,0.4834,0.5057,up,31,0.842,0.3426,32.0,continuacion,continuacion,continuacion,23.0
2021-09-03,0.3508,0.609,up,27,0.9316,0.3705,40.0,neutro,neutro,continuacion,162.0
2021-09-13,0.7357,0.0509,down,15,1.0851,0.5522,63.0,continuacion,continuacion,continuacion,27.0
2021-09-14,0.4111,0.149,down,20,0.8833,0.4771,107.0,neutro,neutro,continuacion,162.0
2021-09-16,0.3779,0.2393,down,16,1.0521,0.2497,22.0,continuacion,continuacion,continuacion,7.0
2021-09-21,0.4502,0.7938,up,15,1.0685,0.2422,11.0,falla,falla,falla,13.0
2021-09-23,0.5488,0.8966,up,16,0.848,0.4568,94.0,neutro,neutro,continuacion,131.0
2021-09-29,0.4328,0.0891,up,19,1.029,0.3699,22.0,neutro,falla,falla,84.0
2021-10-01,0.6981,0.0,down,15,0.9813,0.219,21.0,continuacion,continuacion,continuacion,9.0
2021-10-07,0.6018,0.7661,up,29,0.7988,0.321,79.0,continuacion,continuacion,continuacion,39.0
2021-10-08,0.6329,0.4321,down,16,1.0763,0.221,61.0,neutro,continuacion,continuacion,63.0
2021-10-12,0.6056,0.0138,down,15,1.084,0.2069,16.0,continuacion,continuacion,continuacion,16.0
2021-10-13,0.4125,0.6358,down,20,0.8645,0.34,30.0,neutro,continuacion,continuacion,75.0
2021-10-26,0.4974,0.8518,up,31,1.0774,0.2725,60.0,falla,falla,falla,59.0
2021-10-27,0.4297,0.9883,up,15,0.8255,0.2155,72.0,continuacion,continuacion,continuacion,24.0
2021-11-10,0.5217,0.7995,up,15,0.9608,0.5829,108.0,neutro,falla,falla,102.0
2021-11-19,0.2854,0.9661,up,15,0.9415,0.3198,25.0,neutro,continuacion,continuacion,87.0
2021-11-22,0.4266,0.9884,up,15,0.9402,0.3464,71.0,falla,falla,falla,16.0
2021-11-23,0.5871,0.7515,up,16,0.9412,0.2532,14.0,falla,falla,falla,9.0
2021-11-26,0.6382,0.0674,down,15,0.8727,0.2202,6.0,continuacion,continuacion,continuacion,14.0
2021-11-30,0.3242,0.6357,up,15,1.0166,0.5109,38.0,falla,falla,falla,23.0
2021-12-01,0.509,0.4309,up,31,0.9064,0.4568,114.0,falla,falla,falla,60.0
2021-12-02,1.1946,0.7978,up,18,0.8765,0.3003,18.0,falla,falla,falla,37.0
2021-12-10,0.5253,0.024,down,15,1.0222,0.2475,6.0,continuacion,continuacion,continuacion,5.0
2021-12-15,0.4266,0.2788,down,17,0.8198,0.2278,10.0,continuacion,continuacion,continuacion,3.0
2021-12-17,0.854,0.1598,up,19,0.9239,0.3272,4.0,falla,falla,falla,29.0
2021-12-21,0.5778,0.1538,down,15,0.9641,0.243,6.0,continuacion,continuacion,continuacion,3.0
2021-12-22,0.5024,0.9687,up,15,0.9594,0.2051,11.0,continuacion,continuacion,continuacion,41.0
2021-12-23,0.373,0.517,up,29,0.6397,0.2174,33.0,continuacion,continuacion,continuacion,16.0
2021-12-29,0.3486,0.215,down,16,0.9358,0.6399,79.0,neutro,neutro,neutro,
2021-12-30,0.4093,0.2628,up,35,0.7352,0.3109,55.0,neutro,neutro,falla,285.0
2021-12-31,0.3606,0.2984,down,17,1.0412,0.3076,21.0,neutro,neutro,continuacion,130.0
2022-01-03,0.6492,0.6255,down,17,1.1074,0.5189,16.0,neutro,neutro,falla,280.0
2022-01-05,0.6859,0.6841,up,22,0.984,0.2101,11.0,neutro,neutro,falla,149.0
2022-01-06,1.1393,0.9308,down,33,0.967,0.3375,5.0,continuacion,continuacion,continuacion,3.0
2022-01-10,0.8158,0.2043,down,15,1.007,0.9016,92.0,neutro,neutro,falla,154.0
2022-01-11,0.7556,0.1965,up,33,0.9506,0.3871,12.0,continuacion,continuacion,continuacion,57.0
2022-01-12,0.6069,0.1621,down,17,1.1016,0.2297,57.0,continuacion,continuacion,continuacion,6.0
2022-01-14,1.0113,0.9259,up,15,1.0018,0.3777,15.0,continuacion,continuacion,continuacion,19.0
2022-01-18,0.6583,0.796,up,36,1.0202,0.3896,15.0,neutro,falla,falla,70.0
2022-01-19,0.5811,0.5505,up,16,1.0287,0.2086,20.0,falla,falla,falla,26.0
2022-01-20,0.6362,1.0,up,15,0.9731,0.2313,22.0,continuacion,continuacion,continuacion,24.0
2022-01-21,1.018,0.0135,down,23,0.9964,0.2573,7.0,continuacion,continuacion,continuacion,1.0
2022-01-24,0.9911,0.0,down,15,0.8474,0.4181,9.0,continuacion,continuacion,continuacion,15.0
2022-01-25,0.8474,0.1635,down,15,1.0292,1.0328,43.0,neutro,continuacion,continuacion,69.0
2022-01-27,0.7429,0.9496,up,15,1.0156,0.2318,6.0,continuacion,continuacion,continuacion,3.0
2022-01-28,1.4694,0.0018,down,15,0.9714,0.2689,18.0,falla,falla,falla,52.0
2022-02-01,1.1179,0.1067,down,30,1.0141,0.3748,8.0,neutro,neutro,falla,322.0
2022-02-02,0.7627,0.1821,down,16,0.9748,0.2478,6.0,continuacion,continuacion,continuacion,43.0
2022-02-03,0.8302,0.5927,up,50,0.9536,0.2245,3.0,continuacion,continuacion,continuacion,7.0
2022-02-04,1.0061,0.7854,up,15,0.9728,0.2757,17.0,continuacion,continuacion,continuacion,3.0
2022-02-08,0.5993,0.5375,down,30,0.9384,0.2234,5.0,falla,falla,falla,41.0
2022-02-09,0.4218,0.4644,down,18,1.0266,0.2397,33.0,falla,falla,falla,39.0
2022-02-10,0.8211,0.7766,up,20,1.0337,1.1677,103.0,neutro,neutro,falla,125.0
2022-02-14,0.7548,0.636,up,19,0.8886,0.3212,7.0,neutro,continuacion,continuacion,83.0
2022-02-16,0.5854,0.015,down,15,1.001,0.3353,15.0,neutro,neutro,falla,261.0
2022-02-22,0.8934,0.9272,up,15,0.9403,0.7829,20.0,continuacion,continuacion,continuacion,24.0
2022-02-24,2.0085,0.7967,up,19,0.9361,0.2962,2.0,continuacion,continuacion,continuacion,2.0
2022-02-25,1.0197,0.0728,down,29,0.8451,0.2808,4.0,falla,falla,falla,28.0
2022-02-28,0.6021,0.2184,up,24,0.9301,0.3167,7.0,continuacion,continuacion,continuacion,37.0
2022-03-03,0.5692,0.0661,down,18,0.9516,0.2615,7.0,continuacion,continuacion,continuacion,11.0
2022-03-04,0.7588,0.0938,down,15,0.9703,0.4015,13.0,continuacion,continuacion,continuacion,13.0
2022-03-07,0.9849,0.1215,down,16,1.0321,0.2205,8.0,continuacion,continuacion,continuacion,4.0
2022-03-09,0.7095,0.265,down,22,0.9129,0.2095,3.0,falla,falla,falla,7.0
2022-03-10,0.6625,0.4722,up,27,0.927,0.248,24.0,falla,falla,falla,12.0
2022-03-14,0.4135,0.2918,up,22,1.1829,0.2738,5.0,falla,falla,falla,23.0
2022-03-15,0.4113,0.8654,up,15,0.9155,0.6964,70.0,neutro,neutro,continuacion,201.0
2022-03-16,0.5444,0.2075,down,71,0.8481,0.2316,63.0,continuacion,continuacion,continuacion,2.0
2022-03-17,0.4815,0.2581,down,17,1.1032,0.2595,2.0,continuacion,continuacion,continuacion,5.0
2022-03-18,0.6121,0.3605,up,31,1.0272,0.2623,14.0,continuacion,continuacion,continuacion,21.0
2022-03-21,0.4702,0.7239,up,17,1.0329,1.1112,108.0,falla,falla,falla,37.0
2022-03-22,0.3155,0.6432,up,18,1.0051,0.3507,54.0,falla,falla,falla,40.0
2022-03-28,0.3358,0.7033,up,16,0.9358,0.2575,15.0,falla,falla,falla,31.0
2022-03-29,0.4701,0.6101,up,18,0.9763,0.2066,14.0,continuacion,continuacion,continuacion,24.0
2022-03-30,0.2706,0.3307,down,23,0.8836,0.6325,109.0,neutro,continuacion,continuacion,106.0
2022-03-31,0.3011,0.8002,up,16,1.2307,0.2427,15.0,neutro,falla,falla,71.0
2022-04-01,0.5144,0.2638,down,20,0.937,0.3345,16.0,neutro,continuacion,continuacion,89.0
2022-04-05,0.3652,0.1201,down,21,0.9844,0.207,11.0,continuacion,continuacion,continuacion,3.0
2022-04-06,0.7572,0.0034,down,15,0.9852,0.2037,7.0,continuacion,continuacion,continuacion,3.0
2022-04-07,0.8841,0.4311,up,30,0.9995,0.2056,2.0,falla,falla,falla,38.0
2022-04-08,0.7801,0.0586,down,15,0.999,0.3459,18.0,falla,falla,falla,58.0
2022-04-12,0.6113,0.7092,up,17,1.0569,0.5437,32.0,falla,falla,falla,29.0
2022-04-13,0.7728,0.916,up,15,1.0039,0.2982,7.0,continuacion,continuacion,continuacion,23.0
2022-04-14,0.7989,0.0291,down,18,0.9737,0.2092,12.0,continuacion,continuacion,continuacion,5.0
2022-04-20,1.0262,0.0198,down,15,1.0281,0.6134,35.0,continuacion,continuacion,continuacion,58.0
2022-04-21,0.8407,0.8659,down,37,0.9815,0.3479,21.0,continuacion,continuacion,continuacion,19.0
2022-04-22,1.1818,0.1426,down,50,0.9407,0.2231,7.0,continuacion,continuacion,continuacion,2.0
2022-04-25,0.7828,0.0198,down,15,0.9566,0.2015,3.0,falla,falla,falla,37.0
2022-04-27,1.4766,0.9981,up,15,0.9959,0.4043,7.0,falla,falla,falla,22.0
2022-04-28,1.2362,0.0304,down,19,0.9507,0.322,17.0,continuacion,continuacion,continuacion,10.0
2022-04-29,1.1111,0.352,up,25,0.9293,0.442,7.0,falla,falla,falla,26.0
2022-05-02,1.4979,0.886,up,18,1.0009,0.3142,11.0,continuacion,continuacion,continuacion,27.0
2022-05-06,1.6636,0.1002,down,16,0.9846,0.3294,3.0,continuacion,continuacion,continuacion,3.0
2022-05-09,1.0639,0.6709,down,18,0.8902,0.4158,24.0,continuacion,continuacion,continuacion,12.0
2022-05-10,1.2314,0.0266,down,15,0.9007,0.4606,7.0,continuacion,continuacion,continuacion,49.0
2022-05-11,1.6348,0.9587,up,15,0.9848,1.0674,11.0,neutro,neutro,falla,180.0
2022-05-12,1.5367,0.6441,up,17,1.0481,0.2802,2.0,continuacion,continuacion,continuacion,20.0
2022-05-16,0.9792,0.4074,down,16,1.0368,0.2749,16.0,falla,falla,falla,20.0
2022-05-17,0.6328,0.771,down,18,0.9292,0.3623,29.0,continuacion,continuacion,continuacion,12.0
2022-05-18,0.7299,0.1868,down,20,0.9242,0.2136,41.0,continuacion,continuacion,continuacion,3.0
2022-05-19,0.9614,0.1334,down,15,0.9381,0.5843,9.0,falla,falla,falla,9.0
2022-05-20,0.8794,0.8477,down,37,0.9006,0.5803,21.0,continuacion,continuacion,continuacion,22.0
2022-05-23,0.9232,0.9064,up,15,0.8727,0.413,8.0,falla,falla,falla,8.0
2022-05-24,0.8943,0.0152,down,15,1.0533,0.3144,7.0,continuacion,continuacion,continuacion,4.0
2022-05-25,1.1521,0.824,up,15,1.0238,0.7138,63.0,neutro,neutro,continuacion,218.0
2022-05-27,0.8866,0.4629,up,24,0.8465,0.2622,14.0,continuacion,continuacion,continuacion,2.0
2022-05-31,1.3264,0.1183,down,31,0.9995,0.3243,13.0,neutro,falla,falla,97.0
2022-06-02,0.8079,0.967,up,15,0.8818,0.222,6.0,continuacion,continuacion,continuacion,10.0
2022-06-06,0.727,0.4044,down,18,0.9327,0.5044,118.0,continuacion,continuacion,continuacion,16.0
2022-06-07,0.9221,0.8961,up,15,0.9547,0.4318,12.0,continuacion,continuacion,continuacion,31.0
2022-06-08,0.7535,0.6034,up,18,0.8524,0.4709,13.0,neutro,neutro,falla,158.0
2022-06-09,0.7282,0.3066,up,21,0.9722,0.4489,14.0,continuacion,continuacion,continuacion,25.0
2022-06-10,0.9865,0.667,down,22,0.9045,0.2021,7.0,continuacion,continuacion,continuacion,1.0
2022-06-14,1.3063,0.0028,down,15,1.0166,0.2115,60.0,neutro,neutro,falla,157.0
2022-06-15,0.757,0.8863,up,16,0.9049,0.2354,24.0,neutro,neutro,continuacion,229.0
2022-06-16,0.7707,0.2274,down,24,0.8659,0.23,8.0,continuacion,continuacion,continuacion,2.0
2022-06-17,1.306,0.9012,up,20,0.9912,0.2142,7.0,falla,falla,falla,36.0
2022-06-22,0.7022,0.9482,up,15,0.9492,0.2395,5.0,continuacion,continuacion,continuacion,3.0
2022-06-24,1.0192,0.9928,up,15,0.8245,0.2028,10.0,continuacion,continuacion,continuacion,5.0
2022-06-27,1.3638,0.0799,down,15,0.8337,0.2225,4.0,neutro,neutro,continuacion,314.0
2022-06-28,1.0494,0.8469,down,36,0.823,0.2632,3.0,continuacion,continuacion,continuacion,12.0
2022-06-30,1.3065,0.0278,down,16,0.9171,0.7414,46.0,falla,falla,falla,54.0
2022-07-01,1.0271,0.5121,up,16,0.8819,0.3001,4.0,continuacion,continuacion,continuacion,2.0
2022-07-05,0.6219,0.2615,up,16,1.0922,0.2187,3.0,continuacion,continuacion,continuacion,22.0
2022-07-07,0.8805,0.9886,up,15,0.957,0.216,15.0,continuacion,continuacion,continuacion,17.0
2022-07-11,1.4225,0.1048,down,19,0.9152,0.2768,6.0,continuacion,continuacion,continuacion,6.0
2022-07-12,0.7971,0.3855,down,16,1.0128,0.2207,5.0,continuacion,continuacion,continuacion,1.0
2022-07-13,1.1931,0.6405,up,18,1.0033,0.3211,2.0,continuacion,continuacion,continuacion,9.0
2022-07-14,1.1579,0.0677,down,31,0.8713,0.3167,13.0,neutro,falla,falla,87.0
2022-07-15,0.5737,0.2474,down,15,1.0311,0.5143,14.0,falla,falla,falla,1.0
2022-07-18,0.5581,0.6457,up,16,0.9237,0.2264,11.0,neutro,neutro,falla,216.0
2022-07-21,0.8084,0.4633,up,24,0.8403,0.2239,7.0,falla,falla,falla,13.0
2022-07-22,0.6515,0.6281,up,19,1.1016,0.3578,3.0,falla,falla,falla,8.0
2022-07-25,0.7095,0.7231,down,36,0.9739,0.536,26.0,neutro,neutro,continuacion,266.0
2022-07-27,0.8039,0.9296,up,15,0.8792,0.2031,6.0,continuacion,continuacion,continuacion,14.0
2022-07-28,1.1071,0.0208,down,15,0.9903,0.2928,5.0,continuacion,continuacion,continuacion,3.0
2022-07-29,0.9522,0.8133,up,15,0.9262,0.374,30.0,continuacion,continuacion,continuacion,11.0
2022-08-01,0.8738,0.8828,up,19,0.8258,0.4631,11.0,continuacion,continuacion,continuacion,5.0
2022-08-02,0.6942,0.5622,up,15,0.99,0.4578,85.0,continuacion,continuacion,continuacion,52.0
2022-08-03,0.8014,0.8499,up,21,0.9127,0.2887,9.0,continuacion,continuacion,continuacion,3.0
2022-08-05,0.7271,0.6039,up,32,0.9777,0.747,49.0,falla,falla,falla,34.0
2022-08-08,1.097,0.9943,up,15,0.9286,0.2581,14.0,continuacion,continuacion,continuacion,3.0
2022-08-09,0.5678,0.5614,down,23,0.892,0.4887,40.0,neutro,continuacion,continuacion,114.0
2022-08-10,0.6595,0.5162,down,49,0.8659,0.2327,3.0,falla,falla,falla,39.0
2022-08-11,0.4187,0.4522,up,30,1.0453,0.4623,40.0,falla,falla,falla,25.0
2022-08-12,0.5417,0.9432,up,15,1.0368,0.2292,38.0,continuacion,continuacion,continuacion,40.0
2022-08-15,0.5194,0.2805,up,24,0.9798,0.2081,6.0,neutro,continuacion,continuacion,104.0
2022-08-16,0.3713,0.1301,down,18,0.7529,0.2959,23.0,continuacion,continuacion,continuacion,6.0
2022-08-17,0.5971,0.1995,down,44,0.8533,0.3625,29.0,continuacion,continuacion,continuacion,11.0
2022-08-18,0.4558,0.9859,up,15,1.0031,0.2709,72.0,continuacion,continuacion,continuacion,17.0
2022-08-24,0.4124,0.8064,up,21,0.9791,0.3786,50.0,continuacion,continuacion,continuacion,33.0
2022-08-26,0.3352,0.4491,down,16,1.0825,0.2344,7.0,continuacion,continuacion,continuacion,8.0
2022-08-30,0.6862,0.0388,down,15,0.9708,0.2364,12.0,continuacion,continuacion,continuacion,2.0
2022-09-01,0.6928,0.6585,down,32,1.0972,0.362,20.0,continuacion,continuacion,continuacion,17.0
2022-09-06,0.7405,0.1656,down,16,0.9289,1.3109,65.0,neutro,neutro,neutro,
2022-09-07,0.7499,0.7495,up,18,0.9566,0.2267,87.0,continuacion,continuacion,continuacion,37.0
2022-09-08,0.8562,0.9174,up,15,0.9326,0.403,15.0,continuacion,continuacion,continuacion,19.0
2022-09-12,0.4574,0.7298,up,18,0.9371,0.4424,70.0,neutro,falla,falla,72.0
2022-09-13,0.8256,0.1975,down,26,0.9775,0.3494,18.0,continuacion,continuacion,continuacion,18.0
2022-09-14,0.7031,0.9951,up,15,1.0446,0.2439,2.0,falla,falla,falla,43.0
2022-09-19,0.7587,0.9124,up,15,0.9675,0.2189,10.0,continuacion,continuacion,continuacion,18.0
2022-09-20,0.4973,0.2103,up,80,0.969,0.3319,52.0,continuacion,continuacion,continuacion,10.0
2022-09-22,0.8415,0.1741,down,21,0.9472,0.6273,115.0,neutro,neutro,falla,241.0
2022-09-23,0.7437,0.2784,down,15,1.1956,0.4058,29.0,neutro,continuacion,continuacion,92.0
2022-09-26,1.1297,0.7288,up,20,1.0927,0.5151,20.0,continuacion,continuacion,continuacion,6.0
2022-09-27,0.9186,0.7408,down,30,1.2714,0.4867,18.0,neutro,continuacion,continuacion,65.0
2022-09-28,0.6815,0.9565,up,19,0.9682,0.2511,12.0,continuacion,continuacion,continuacion,23.0
2022-09-30,0.9078,0.5834,up,23,0.9647,0.2676,34.0,continuacion,continuacion,continuacion,4.0
2022-10-04,0.5269,0.7619,up,16,0.8816,0.2464,7.0,continuacion,continuacion,continuacion,4.0
2022-10-05,0.6374,0.0508,down,30,1.1296,0.8243,100.0,falla,falla,falla,38.0
2022-10-06,1.1502,0.8511,down,31,1.0187,0.4663,17.0,continuacion,continuacion,continuacion,10.0
2022-10-07,0.7327,0.1104,down,15,0.8273,0.2413,8.0,continuacion,continuacion,continuacion,2.0
2022-10-10,0.9283,0.2214,down,22,0.8523,0.2246,9.0,continuacion,continuacion,continuacion,3.0
2022-10-11,0.7791,0.2345,down,17,0.9618,0.6568,46.0,neutro,falla,falla,63.0
2022-10-14,0.9697,0.0,down,15,0.8866,0.4611,5.0,continuacion,continuacion,continuacion,1.0
2022-10-18,0.48,0.7364,up,16,1.0695,0.2225,21.0,continuacion,continuacion,continuacion,1.0
2022-10-19,0.913,0.3451,up,44,0.9421,0.2427,2.0,continuacion,continuacion,continuacion,4.0
2022-10-21,0.8437,0.9418,up,15,0.9423,0.3902,3.0,continuacion,continuacion,continuacion,5.0
2022-10-26,0.656,0.472,up,18,0.9438,0.3864,13.0,continuacion,continuacion,continuacion,7.0
2022-10-27,0.8411,0.3839,down,18,0.8313,0.931,24.0,neutro,neutro,continuacion,136.0
2022-10-31,0.5973,0.2769,down,15,0.8879,0.205,4.0,continuacion,continuacion,continuacion,1.0
2022-11-01,0.7582,0.153,down,28,1.0743,0.2861,50.0,continuacion,continuacion,continuacion,48.0
2022-11-03,0.6148,0.7273,up,15,1.2067,0.323,7.0,continuacion,continuacion,continuacion,10.0
2022-11-04,0.6232,0.4791,down,22,1.1082,0.3469,8.0,continuacion,continuacion,continuacion,6.0
2022-11-09,0.4389,0.9744,up,15,0.958,0.2095,2.0,falla,falla,falla,10.0
2022-11-10,1.128,0.3461,up,21,1.0059,0.6427,39.0,neutro,continuacion,continuacion,61.0
2022-11-11,0.658,0.7303,up,15,1.0228,0.4028,9.0,continuacion,continuacion,continuacion,12.0
2022-11-15,0.5007,0.1376,down,15,0.9034,0.3359,11.0,continuacion,continuacion,continuacion,54.0
2022-11-16,0.3663,0.1619,down,16,0.9305,0.3729,12.0,continuacion,continuacion,continuacion,17.0
2022-11-17,0.6127,0.9884,up,15,0.9735,0.5028,63.0,neutro,continuacion,continuacion,67.0
2022-11-22,0.8661,0.0947,up,77,0.7983,0.2266,17.0,continuacion,continuacion,continuacion,6.0
2022-11-23,0.4691,0.7681,up,15,1.4393,0.4248,15.0,continuacion,continuacion,continuacion,6.0
2022-12-01,0.577,0.9409,up,15,1.0919,0.268,14.0,continuacion,continuacion,continuacion,1.0
2022-12-05,0.5381,0.7181,down,30,1.5581,0.2754,3.0,continuacion,continuacion,continuacion,18.0
2022-12-07,0.9356,0.3666,down,17,0.874,0.2504,6.0,continuacion,continuacion,continuacion,7.0
2022-12-09,0.8027,0.9779,up,15,0.9978,0.2713,49.0,continuacion,continuacion,continuacion,22.0
2022-12-14,0.6044,0.7065,up,24,0.9492,0.3378,38.0,continuacion,continuacion,continuacion,31.0
2022-12-16,0.4574,0.6582,up,15,0.9326,0.303,11.0,falla,falla,falla,10.0
2022-12-19,0.6581,0.3691,down,17,1.0092,0.492,33.0,continuacion,continuacion,continuacion,40.0
2022-12-21,0.5269,0.7882,up,16,0.9158,0.3094,9.0,continuacion,continuacion,continuacion,13.0
2022-12-27,1.0605,0.1393,down,15,1.0347,0.3072,5.0,continuacion,continuacion,continuacion,12.0
2022-12-30,0.5742,0.6225,down,18,1.0111,0.2624,2.0,falla,falla,falla,57.0
2023-01-04,0.7774,0.1015,down,16,1.0157,0.3251,15.0,continuacion,continuacion,continuacion,3.0
2023-01-10,0.973,0.5116,up,42,0.9795,0.3232,7.0,falla,falla,falla,25.0
2023-01-11,0.5862,0.9182,up,18,0.9146,0.2767,45.0,neutro,continuacion,continuacion,94.0
2023-01-12,1.4337,0.0,down,15,0.9285,0.2842,6.0,continuacion,continuacion,continuacion,2.0
2023-01-17,0.6045,0.4254,up,24,0.8481,0.5618,46.0,neutro,neutro,neutro,
2023-01-18,0.4671,0.3182,up,30,1.019,0.2751,10.0,falla,falla,falla,27.0
2023-01-19,0.5298,0.0075,down,15,0.9646,0.33,10.0,continuacion,continuacion,continuacion,51.0
2023-01-20,0.5441,0.9273,up,21,0.9335,0.2453,4.0,continuacion,continuacion,continuacion,10.0
2023-01-24,0.5163,0.8379,up,16,1.1341,0.4162,11.0,falla,falla,falla,9.0
2023-01-25,0.5661,0.4184,down,23,0.9185,0.365,13.0,continuacion,continuacion,continuacion,9.0
2023-01-26,0.602,0.1428,down,19,1.0391,0.3297,4.0,continuacion,continuacion,continuacion,3.0
2023-01-27,0.5342,0.8461,up,15,0.9039,0.348,15.0,continuacion,continuacion,continuacion,2.0
2023-01-30,0.4242,0.5565,up,16,1.0678,0.2759,23.0,falla,falla,falla,14.0
2023-02-03,1.0873,0.9212,up,16,1.0623,0.5003,14.0,continuacion,continuacion,continuacion,14.0
2023-02-06,0.511,0.509,up,15,1.0715,0.2001,26.0,falla,falla,falla,9.0
2023-02-08,0.5396,0.873,down,22,0.8123,0.2306,16.0,continuacion,continuacion,continuacion,22.0
2023-02-10,0.6594,0.2339,down,30,1.1286,0.2308,4.0,falla,falla,falla,7.0
2023-02-13,0.6238,0.7916,up,16,0.956,0.3542,20.0,continuacion,continuacion,continuacion,43.0
2023-02-14,0.9608,0.9097,up,15,1.0269,1.29,51.0,neutro,neutro,neutro,
2023-02-16,0.5568,0.7215,up,17,0.9372,0.2714,27.0,continuacion,continuacion,continuacion,6.0
2023-02-17,0.6169,0.0384,down,15,0.8941,0.3999,16.0,neutro,continuacion,continuacion,80.0
2023-02-21,0.5551,0.8914,down,28,1.0125,0.3033,26.0,continuacion,continuacion,continuacion,3.0
2023-02-23,0.5027,0.3018,down,36,0.9025,0.2562,9.0,continuacion,continuacion,continuacion,16.0
2023-02-24,0.525,0.0654,down,15,1.0536,0.209,3.0,continuacion,continuacion,continuacion,19.0
2023-02-27,0.2787,0.2192,down,15,0.9678,0.258,59.0,continuacion,continuacion,continuacion,48.0
2023-02-28,0.4646,0.8016,up,15,1.1102,0.2107,25.0,neutro,neutro,continuacion,131.0
2023-03-02,0.3156,0.6495,up,15,1.1084,0.2389,11.0,continuacion,continuacion,continuacion,5.0
2023-03-03,0.2815,0.9386,up,15,1.362,0.4326,18.0,continuacion,continuacion,continuacion,12.0
2023-03-08,0.483,0.0133,down,15,1.041,0.3885,18.0,falla,falla,falla,30.0
2023-03-09,0.5034,0.7867,up,15,0.9868,0.4979,32.0,neutro,neutro,falla,151.0
2023-03-10,1.0936,0.0319,down,15,0.9901,0.2518,4.0,neutro,falla,falla,81.0
2023-03-14,0.1719,0.1765,up,22,0.8824,0.2493,70.0,falla,falla,falla,23.0
2023-03-17,0.6768,0.0296,down,15,1.0886,0.2824,45.0,continuacion,continuacion,continuacion,13.0
2023-03-20,0.333,0.3861,up,18,1.0563,0.5652,65.0,falla,falla,falla,19.0
2023-03-22,0.177,0.3267,down,17,1.0058,0.2121,29.0,falla,falla,falla,22.0
2023-03-23,0.3181,0.9284,up,15,1.0511,0.5213,60.0,neutro,falla,falla,87.0
2023-03-24,0.4611,0.0563,down,16,1.0349,0.4085,59.0,falla,falla,falla,16.0
2023-04-11,0.4646,0.2048,down,23,1.7838,0.2367,31.0,continuacion,continuacion,continuacion,20.0
2023-04-12,0.7407,0.0769,down,15,0.8377,0.3797,10.0,continuacion,continuacion,continuacion,60.0
2023-04-14,0.6273,0.9493,up,15,0.933,0.263,15.0,continuacion,continuacion,continuacion,4.0
2023-04-17,0.4662,0.4463,down,17,0.9248,0.2515,71.0,continuacion,continuacion,continuacion,32.0
2023-04-19,0.4495,0.6263,up,69,0.7081,0.233,44.0,continuacion,continuacion,continuacion,19.0
2023-04-20,0.5039,0.9748,up,15,0.9879,0.3409,78.0,neutro,continuacion,continuacion,90.0
2023-04-21,0.2698,0.6345,down,20,1.1476,0.4277,25.0,falla,falla,falla,11.0
2023-04-25,0.2805,0.9194,down,16,1.0785,0.3757,94.0,continuacion,continuacion,continuacion,20.0
2023-04-28,0.5427,0.1912,up,39,0.9011,0.3648,28.0,neutro,neutro,continuacion,205.0
2023-05-04,0.3862,0.0648,down,15,0.9266,0.2532,50.0,falla,falla,falla,34.0
2023-05-16,0.5123,0.9521,up,15,1.0397,0.2197,92.0,continuacion,continuacion,continuacion,12.0
2023-05-17,0.1985,0.4163,down,16,1.0275,0.2772,26.0,falla,falla,falla,48.0
2023-05-19,0.2879,0.587,down,19,0.9551,0.2043,23.0,continuacion,continuacion,continuacion,60.0
2023-05-24,0.402,0.6474,down,34,0.8258,0.3899,80.0,neutro,neutro,falla,236.0
2023-05-30,0.58,0.559,down,22,1.0231,0.5169,28.0,neutro,neutro,continuacion,140.0
2023-06-02,0.5852,0.7391,down,17,1.2155,0.4922,26.0,neutro,neutro,neutro,
2023-06-05,0.6066,0.8655,up,76,0.7912,0.2497,76.0,continuacion,continuacion,continuacion,13.0
2023-06-06,0.38,0.478,up,19,0.863,0.3218,95.0,continuacion,continuacion,continuacion,32.0
2023-06-08,0.4732,0.7941,up,35,0.8854,0.2137,33.0,continuacion,continuacion,continuacion,4.0
2023-06-09,0.488,0.885,up,15,0.8943,0.3933,55.0,falla,falla,falla,48.0
2023-06-13,0.4361,0.3548,down,15,0.9921,0.3283,8.0,continuacion,continuacion,continuacion,6.0
2023-06-15,0.5031,0.9345,up,15,0.8114,0.216,13.0,continuacion,continuacion,continuacion,7.0
2023-06-22,0.5774,0.9808,up,15,0.9143,0.6597,62.0,continuacion,continuacion,continuacion,53.0
2023-06-26,0.4423,0.9194,up,15,0.9,0.4021,47.0,falla,falla,falla,33.0
2023-06-29,0.4045,0.0673,down,15,0.927,0.3082,32.0,continuacion,continuacion,continuacion,29.0
2023-06-30,0.4112,0.9728,up,15,0.9364,0.4879,110.0,neutro,neutro,neutro,
2023-07-05,0.5862,0.9815,up,15,1.0516,0.3207,67.0,neutro,neutro,neutro,
2023-07-06,0.4162,0.4274,down,24,0.8045,0.249,20.0,neutro,neutro,falla,140.0
2023-07-07,0.3493,0.6961,up,16,0.9657,0.2287,29.0,falla,falla,falla,19.0
2023-07-10,0.3997,0.219,down,16,0.8043,0.4486,21.0,neutro,continuacion,continuacion,115.0
2023-07-11,0.5502,0.2193,down,19,1.0029,0.2544,28.0,neutro,falla,falla,102.0
2023-07-12,0.2526,0.5325,up,18,0.9086,0.3866,69.0,falla,falla,falla,42.0
2023-07-14,0.5216,0.5551,up,21,0.9279,0.3355,43.0,neutro,neutro,falla,231.0
2023-07-21,0.4283,0.4068,down,18,0.9649,0.4679,28.0,continuacion,continuacion,continuacion,11.0
2023-07-24,0.3132,0.7125,down,16,1.1638,0.5526,30.0,neutro,neutro,neutro,
2023-07-25,0.2947,0.7561,up,15,0.9067,0.2246,21.0,neutro,continuacion,continuacion,91.0
2023-07-26,0.4705,0.4856,down,84,0.6968,0.3294,37.0,neutro,neutro,falla,188.0
2023-07-28,0.5053,0.7345,up,18,0.867,0.2091,31.0,continuacion,continuacion,continuacion,15.0
2023-08-01,0.2411,0.7065,up,15,0.8906,0.2065,73.0,neutro,neutro,continuacion,123.0
2023-08-03,0.4035,0.7533,up,17,0.9112,0.348,20.0,neutro,continuacion,continuacion,71.0
2023-08-04,0.5619,0.0754,down,21,1.0378,0.661,41.0,neutro,falla,falla,113.0
2023-08-07,0.5529,0.0247,down,15,0.9411,0.2012,87.0,continuacion,continuacion,continuacion,6.0
2023-08-10,0.5404,0.6002,up,16,0.9696,0.5477,52.0,falla,falla,falla,42.0
2023-08-16,0.3831,0.7648,up,17,0.8631,0.2322,37.0,neutro,falla,falla,86.0
2023-08-17,0.4525,0.0555,down,15,1.0372,0.2178,11.0,continuacion,continuacion,continuacion,10.0
2023-08-18,0.3524,0.8241,up,18,0.9236,0.2554,81.0,continuacion,continuacion,continuacion,6.0
2023-08-21,0.5593,0.811,up,26,0.8737,0.2876,18.0,falla,falla,falla,56.0
2023-08-22,0.4965,0.3539,down,24,0.9407,0.3178,52.0,neutro,continuacion,continuacion,83.0
2023-08-25,0.3702,0.8366,up,17,0.9169,0.3028,17.0,falla,falla,falla,4.0
2023-08-28,0.6102,0.3368,down,21,0.9987,0.2077,3.0,continuacion,continuacion,continuacion,59.0
2023-08-30,0.3956,0.3919,up,24,0.797,0.3916,25.0,falla,falla,falla,7.0
2023-08-31,0.414,0.6596,up,15,1.0875,0.3409,67.0,neutro,neutro,neutro,
2023-09-01,0.7489,0.1664,down,15,1.008,0.2273,8.0,neutro,continuacion,continuacion,63.0
2023-09-07,0.5472,0.8465,up,70,0.79,0.2667,13.0,neutro,neutro,continuacion,180.0
2023-09-08,0.5757,0.9482,up,16,0.8575,0.2112,46.0,neutro,neutro,falla,267.0
2023-09-11,0.4672,0.0291,down,15,0.999,0.235,40.0,neutro,neutro,falla,186.0
2023-09-13,0.4429,0.8783,down,35,0.9225,0.2388,18.0,falla,falla,falla,17.0
2023-09-14,0.357,0.4847,down,20,0.9514,0.2882,9.0,continuacion,continuacion,continuacion,20.0
2023-09-15,0.6715,0.1351,down,16,0.96,0.2009,14.0,continuacion,continuacion,continuacion,9.0
2023-09-19,0.3231,0.5634,down,20,0.9259,0.3256,35.0,continuacion,continuacion,continuacion,13.0
2023-09-21,0.3054,0.1726,down,15,0.9854,0.3662,21.0,neutro,neutro,continuacion,294.0
2023-09-26,0.2943,0.5901,down,19,0.9429,0.5218,56.0,neutro,continuacion,continuacion,80.0
2023-09-28,0.357,0.1903,up,21,0.9423,0.4246,27.0,continuacion,continuacion,continuacion,29.0
2023-09-29,0.2494,0.4444,up,18,0.9876,0.3071,25.0,falla,falla,falla,11.0
2023-10-02,0.7575,0.9664,up,30,0.7975,0.2135,6.0,neutro,continuacion,continuacion,69.0
2023-10-03,0.3405,0.6888,up,19,0.8961,0.3252,11.0,falla,falla,falla,2.0
2023-10-05,0.4718,0.2247,down,16,0.8694,0.2455,10.0,continuacion,continuacion,continuacion,4.0
2023-10-11,0.4161,0.2463,down,21,0.9153,0.2028,116.0,continuacion,continuacion,continuacion,25.0
2023-10-13,0.4142,0.3926,down,30,1.0999,0.2489,34.0,continuacion,continuacion,continuacion,6.0
2023-10-16,0.5921,0.3313,up,42,0.7656,0.4259,94.0,neutro,neutro,continuacion,206.0
2023-10-17,0.2496,0.1427,down,15,1.02,0.3505,16.0,falla,falla,falla,8.0
2023-10-18,0.4922,0.139,down,15,1.0242,0.2027,76.0,neutro,continuacion,continuacion,98.0
2023-10-19,0.5867,0.1366,down,58,0.9226,0.3659,61.0,falla,falla,falla,33.0
2023-10-23,0.7949,0.0788,up,25,0.9189,0.2091,21.0,continuacion,continuacion,continuacion,2.0
2023-10-25,0.8281,0.0307,down,15,0.9469,0.2006,45.0,neutro,continuacion,continuacion,72.0
2023-10-26,0.6298,0.5071,down,18,1.0437,0.2185,4.0,continuacion,continuacion,continuacion,1.0
2023-10-27,0.3237,0.8483,up,15,0.9422,0.3998,108.0,neutro,falla,falla,77.0
2023-10-30,0.7119,0.9798,up,15,0.9519,0.2718,14.0,falla,falla,falla,29.0
2023-11-07,0.4119,0.6513,up,25,0.819,0.2108,11.0,continuacion,continuacion,continuacion,19.0
2023-11-14,0.4022,0.9669,up,15,0.7379,0.2028,22.0,continuacion,continuacion,continuacion,22.0
2023-11-16,0.19,0.9315,up,15,1.181,0.3195,32.0,falla,falla,falla,24.0
2023-11-22,0.6375,0.6988,down,23,1.2697,0.2151,4.0,continuacion,continuacion,continuacion,4.0
2023-11-30,0.5668,0.2453,down,15,0.9341,0.2547,27.0,continuacion,continuacion,continuacion,26.0
2023-12-01,0.3834,0.9325,up,15,1.0918,0.2914,96.0,continuacion,continuacion,continuacion,22.0
2023-12-06,0.616,0.1255,down,30,1.0704,0.3712,37.0,continuacion,continuacion,continuacion,56.0
2023-12-08,0.4842,0.9894,up,15,0.855,0.5508,52.0,neutro,neutro,continuacion,250.0
2023-12-11,0.4827,0.8148,up,16,0.85,0.3177,83.0,neutro,continuacion,continuacion,100.0
2023-12-15,0.3713,0.8533,up,39,0.6726,0.2543,103.0,neutro,falla,falla,109.0
2023-12-21,0.3395,0.5065,down,27,0.6742,0.3419,17.0,neutro,continuacion,continuacion,114.0
2024-01-02,0.617,0.0964,down,15,1.0551,0.2797,14.0,continuacion,continuacion,continuacion,31.0
2024-01-04,0.3486,0.5576,up,35,0.8001,0.2012,18.0,continuacion,continuacion,continuacion,26.0
2024-01-05,0.3461,0.5033,up,20,0.9123,0.4981,118.0,neutro,falla,falla,88.0
2024-01-10,0.1995,0.5062,down,20,0.8154,0.2266,20.0,falla,falla,falla,32.0
2024-01-17,0.6486,0.034,down,15,0.9706,0.2626,19.0,neutro,neutro,falla,341.0
2024-01-22,0.5278,0.1345,down,58,1.0324,0.3032,45.0,neutro,neutro,continuacion,135.0
2024-01-30,0.1733,0.8095,down,30,1.0792,0.2061,3.0,neutro,neutro,continuacion,132.0
2024-01-31,0.4193,0.0222,down,15,1.1212,0.4076,90.0,neutro,neutro,falla,204.0
2024-02-02,0.6457,0.978,up,15,0.8962,0.2588,4.0,continuacion,continuacion,continuacion,51.0
2024-02-08,0.2506,0.2784,up,30,1.0794,0.2289,90.0,continuacion,continuacion,continuacion,58.0
2024-02-15,0.3584,0.1032,down,24,0.9699,0.2334,13.0,continuacion,continuacion,continuacion,58.0
2024-02-16,0.2949,0.0305,down,15,0.9189,0.9846,93.0,neutro,neutro,neutro,
2024-02-20,0.9365,0.1301,down,21,0.992,0.4345,59.0,neutro,continuacion,continuacion,78.0
2024-02-22,0.308,0.622,up,15,0.9122,0.2862,7.0,continuacion,continuacion,continuacion,43.0
2024-02-23,0.2574,0.9027,down,26,1.0008,0.2344,7.0,continuacion,continuacion,continuacion,20.0
2024-02-29,0.2856,0.4404,down,40,1.1624,0.2192,8.0,continuacion,continuacion,continuacion,44.0
2024-03-01,0.2797,0.7886,up,30,1.2659,0.2786,31.0,continuacion,continuacion,continuacion,25.0
2024-03-06,0.3138,0.5656,down,20,0.9935,0.5828,60.0,neutro,falla,falla,65.0
2024-03-07,0.3462,0.0203,down,15,1.0083,0.2353,3.0,falla,falla,falla,27.0
2024-03-08,0.3485,0.3101,up,17,0.8078,0.4501,53.0,falla,falla,falla,28.0
2024-03-11,0.3257,0.6122,up,21,0.9417,0.2033,9.0,falla,falla,falla,30.0
2024-03-12,0.2746,0.8588,up,15,0.882,0.2239,55.0,falla,falla,falla,57.0
2024-03-14,0.3143,0.1231,down,19,1.1343,0.2276,95.0,continuacion,continuacion,continuacion,38.0
2024-04-04,0.2108,0.233,down,16,0.8878,0.2466,115.0,neutro,neutro,continuacion,144.0
2024-04-05,0.4429,0.8441,up,17,0.9539,0.2512,14.0,continuacion,continuacion,continuacion,5.0
2024-04-08,0.5399,0.4429,up,55,0.7881,0.2083,16.0,continuacion,continuacion,continuacion,14.0
2024-04-11,0.2752,0.2721,down,37,0.8606,0.296,17.0,falla,falla,falla,52.0
2024-04-15,0.4268,0.6014,down,38,1.0927,0.3793,7.0,continuacion,continuacion,continuacion,23.0
2024-04-18,0.7275,0.3444,up,64,0.743,0.3819,76.0,neutro,falla,falla,94.0
2024-04-23,0.3735,0.5223,up,15,0.9777,0.2394,4.0,continuacion,continuacion,continuacion,7.0
2024-04-25,0.3972,0.9392,up,15,0.9866,0.4121,49.0,neutro,continuacion,continuacion,107.0
2024-04-26,0.5484,0.6877,up,20,0.877,0.2633,16.0,continuacion,continuacion,continuacion,2.0
2024-05-01,0.2792,0.4156,down,26,0.835,0.2439,20.0,neutro,continuacion,continuacion,61.0
2024-05-02,0.4767,0.2822,down,18,1.004,0.7363,37.0,neutro,neutro,falla,183.0
2024-05-03,0.3045,0.9545,up,15,0.949,0.2438,15.0,falla,falla,falla,13.0
2024-05-14,0.2891,0.8984,up,15,0.9076,0.2842,51.0,neutro,neutro,continuacion,218.0
2024-05-15,0.2098,0.233,down,15,1.0685,0.2433,15.0,falla,falla,falla,18.0
2024-05-23,0.3773,0.1906,down,15,1.2245,0.3836,26.0,continuacion,continuacion,continuacion,43.0
2024-05-29,0.3033,0.4642,up,20,1.0954,0.3304,80.0,neutro,neutro,neutro,
2024-05-30,0.3836,0.5227,down,42,1.0631,0.3966,82.0,neutro,neutro,continuacion,230.0
2024-06-06,0.1574,0.563,down,15,1.0087,0.2868,27.0,neutro,neutro,continuacion,237.0
2024-06-07,0.2382,0.6827,up,17,0.848,0.415,77.0,neutro,continuacion,continuacion,86.0
2024-06-11,0.2182,0.2483,down,17,1.037,0.2677,11.0,falla,falla,falla,31.0
2024-06-12,0.5496,1.0,up,15,0.9784,0.3271,69.0,neutro,neutro,continuacion,257.0
2024-06-13,0.2307,0.4914,down,28,0.9003,0.4272,106.0,continuacion,continuacion,continuacion,37.0
2024-06-14,0.2418,0.8601,up,15,0.8556,0.2284,47.0,neutro,neutro,continuacion,161.0
2024-06-18,0.1919,0.2785,down,16,0.8787,0.2764,115.0,neutro,neutro,falla,124.0
2024-06-21,0.2726,0.1291,down,15,0.8305,0.3001,15.0,neutro,falla,falla,79.0
2024-06-24,0.3941,0.2079,down,18,0.8453,0.3247,69.0,neutro,neutro,continuacion,131.0
2024-06-26,0.1716,0.7795,up,15,0.9735,0.2317,14.0,continuacion,continuacion,continuacion,7.0
2024-06-28,0.3343,0.9627,up,15,1.0551,0.8176,76.0,neutro,falla,falla,75.0
2024-07-01,0.3721,0.0842,down,15,1.0125,0.3531,15.0,continuacion,continuacion,continuacion,12.0
2024-07-02,0.531,0.878,up,15,0.9368,0.2297,96.0,continuacion,continuacion,continuacion,9.0
2024-07-19,0.7046,0.457,down,57,1.0523,0.2674,11.0,continuacion,continuacion,continuacion,6.0
2024-07-22,0.48,0.7653,up,16,0.8312,0.2346,6.0,neutro,falla,falla,84.0
2024-07-23,0.4991,0.9792,up,15,1.0436,0.2485,119.0,neutro,falla,falla,73.0
2024-07-24,0.641,0.0596,down,17,0.9431,0.2061,17.0,continuacion,continuacion,continuacion,8.0
2024-07-25,0.6183,0.3262,down,19,0.8743,1.1842,47.0,falla,falla,falla,36.0
2024-07-31,0.5189,0.174,up,31,0.9863,0.2114,10.0,continuacion,continuacion,continuacion,7.0
2024-08-01,0.6684,0.9714,up,15,0.8906,0.23,13.0,falla,falla,falla,23.0
2024-08-02,1.1779,0.6174,down,35,0.8431,0.8433,44.0,neutro,neutro,neutro,
2024-08-05,2.0017,0.7275,up,16,0.8573,0.4533,7.0,continuacion,continuacion,continuacion,7.0
2024-08-08,0.6042,0.0075,down,16,0.9735,0.367,6.0,falla,falla,falla,10.0
2024-08-09,0.4458,0.0402,down,16,1.0041,0.2262,15.0,falla,falla,falla,11.0
2024-08-14,0.6917,0.0596,down,21,0.8938,0.6093,58.0,neutro,falla,falla,64.0
2024-08-16,0.3713,0.4974,up,32,1.0686,0.2957,39.0,neutro,continuacion,continuacion,89.0
2024-08-20,0.3104,0.8249,up,18,0.7848,0.2302,13.0,falla,falla,falla,16.0
2024-08-21,0.2355,0.9558,up,15,1.0086,0.2513,29.0,continuacion,continuacion,continuacion,22.0
2024-08-23,0.2931,0.2291,up,30,0.9488,0.5173,6.0,continuacion,continuacion,continuacion,4.0
2024-08-28,0.3642,0.0289,down,15,1.1717,0.3619,35.0,continuacion,continuacion,continuacion,24.0
2024-08-29,0.6728,0.4873,up,19,0.9515,0.208,8.0,continuacion,continuacion,continuacion,3.0
2024-08-30,0.3061,0.7174,up,15,0.9053,0.2711,20.0,falla,falla,falla,52.0
2024-09-03,0.6339,0.2818,down,24,0.9186,0.2424,7.0,continuacion,continuacion,continuacion,7.0
2024-09-05,0.7779,0.7199,up,15,1.0397,0.4651,26.0,continuacion,continuacion,continuacion,13.0
2024-09-06,1.041,0.4107,down,29,0.9693,0.3068,2.0,continuacion,continuacion,continuacion,12.0
2024-09-09,0.3561,0.702,up,20,0.845,0.2555,28.0,falla,falla,falla,12.0
2024-09-10,0.5336,0.444,down,43,1.008,0.2503,39.0,continuacion,continuacion,continuacion,58.0
2024-09-11,0.507,0.3841,down,16,0.893,0.3604,18.0,continuacion,continuacion,continuacion,10.0
2024-09-13,0.5146,0.9218,up,30,0.9307,0.2067,83.0,continuacion,continuacion,continuacion,34.0
2024-09-17,0.3515,0.4668,down,19,1.1271,0.2354,7.0,falla,falla,falla,49.0
2024-09-20,0.251,0.2651,down,24,0.7147,0.2403,10.0,continuacion,continuacion,continuacion,8.0
2024-09-23,0.2615,0.5476,up,18,0.8336,0.2068,68.0,neutro,neutro,falla,125.0
2024-09-24,0.2815,0.169,down,20,1.1782,0.6887,74.0,falla,falla,falla,41.0
2024-09-25,0.3198,0.5542,up,26,0.9338,0.3105,34.0,neutro,neutro,falla,150.0
2024-09-27,0.3498,0.1871,down,42,0.7484,0.2005,24.0,continuacion,continuacion,continuacion,34.0
2024-10-01,0.9496,0.1656,down,15,0.716,0.4489,15.0,continuacion,continuacion,continuacion,9.0
2024-10-03,0.5552,0.8831,up,24,0.8516,0.5289,19.0,neutro,neutro,falla,167.0
2024-10-14,0.3189,0.9304,up,15,1.0141,0.344,30.0,falla,falla,falla,46.0
2024-10-21,0.3184,0.821,up,18,0.828,0.3133,42.0,falla,falla,falla,10.0
2024-10-22,0.4309,0.8344,up,15,0.9733,0.2834,37.0,neutro,neutro,continuacion,193.0
2024-10-23,0.2599,0.3435,down,31,0.9739,0.3023,11.0,neutro,continuacion,continuacion,61.0
2024-10-29,0.4575,0.6016,up,30,0.9702,0.3689,28.0,continuacion,continuacion,continuacion,30.0
2024-11-04,0.6381,0.7699,up,30,0.8426,0.4227,92.0,neutro,neutro,neutro,
2024-11-05,0.4638,0.7302,up,18,0.8662,0.3673,67.0,continuacion,continuacion,continuacion,37.0
2024-11-11,0.409,0.0524,down,15,1.0403,0.2376,25.0,neutro,neutro,continuacion,170.0
2024-11-13,0.2131,0.8616,down,19,0.9308,0.3944,44.0,neutro,falla,falla,95.0
2024-11-20,0.5678,0.169,down,26,0.7813,0.7615,53.0,neutro,neutro,falla,306.0
2024-11-21,1.3272,0.2441,down,31,0.994,0.2498,9.0,continuacion,continuacion,continuacion,17.0
2024-11-25,0.5841,0.8384,down,22,1.0866,0.2633,15.0,continuacion,continuacion,continuacion,3.0
2024-12-02,0.5345,0.7618,up,18,0.7873,0.3002,64.0,continuacion,continuacion,continuacion,45.0
2024-12-03,0.3236,0.8314,up,15,0.8625,0.2796,113.0,neutro,neutro,continuacion,226.0
2024-12-18,0.4051,0.6946,up,30,0.9788,0.2315,73.0,neutro,neutro,falla,168.0
2024-12-19,0.5977,0.1642,down,24,0.9599,0.2584,16.0,continuacion,continuacion,continuacion,18.0
2024-12-23,0.3122,0.1357,down,16,1.0518,0.2446,8.0,continuacion,continuacion,continuacion,13.0
2024-12-26,0.2577,0.5731,down,20,1.1335,0.3465,7.0,falla,falla,falla,40.0
2024-12-30,0.4909,0.2219,down,16,1.0243,0.2516,15.0,neutro,falla,falla,78.0
2024-12-31,0.5558,0.2695,down,37,1.0036,0.3788,103.0,continuacion,continuacion,continuacion,33.0
2025-01-02,0.9608,0.2388,up,24,0.9908,0.2041,7.0,continuacion,continuacion,continuacion,4.0
2025-01-08,0.4401,0.6996,down,23,0.8366,0.2726,25.0,neutro,falla,falla,78.0
2025-01-10,0.5961,0.4061,down,16,0.9197,0.2675,6.0,continuacion,continuacion,continuacion,8.0
2025-01-13,0.3941,0.97,up,23,1.0027,0.2831,5.0,continuacion,continuacion,continuacion,8.0
2025-01-14,0.5224,0.8223,down,23,1.0586,0.2542,9.0,continuacion,continuacion,continuacion,36.0
2025-01-15,0.5633,0.9198,up,16,0.9095,0.4608,104.0,neutro,neutro,continuacion,178.0
2025-01-16,0.4469,0.1685,down,15,0.9172,0.2982,17.0,neutro,continuacion,continuacion,100.0
2025-01-21,0.5907,0.2304,down,24,1.047,0.2933,23.0,neutro,neutro,falla,145.0
2025-01-22,0.3799,0.7264,up,19,0.8759,0.2033,13.0,continuacion,continuacion,continuacion,9.0
2025-01-27,0.9345,0.8428,up,17,0.9437,0.5338,72.0,neutro,neutro,falla,231.0
2025-01-30,0.3237,0.7156,up,16,0.8552,0.3701,12.0,falla,falla,falla,4.0
2025-02-03,0.6421,0.5989,down,23,1.0028,0.2966,28.0,falla,falla,falla,3.0
2025-02-05,0.3167,0.7455,up,18,0.746,0.2028,84.0,continuacion,continuacion,continuacion,20.0
2025-02-06,0.228,1.0,up,15,0.9743,0.2709,39.0,neutro,neutro,falla,249.0
2025-02-11,0.4395,0.9217,up,22,0.9071,0.337,119.0,neutro,neutro,neutro,
2025-02-12,0.6037,0.9489,up,16,1.0336,0.4628,86.0,continuacion,continuacion,continuacion,46.0
2025-02-13,0.5236,0.4442,up,32,0.8674,0.4867,114.0,neutro,neutro,continuacion,174.0
2025-02-18,0.2397,0.1239,down,15,0.9802,0.2207,7.0,continuacion,continuacion,continuacion,9.0
2025-02-19,0.2176,0.188,down,19,1.0378,0.2436,41.0,falla,falla,falla,41.0
2025-02-21,0.3955,0.2735,down,20,1.0349,0.2145,11.0,continuacion,continuacion,continuacion,20.0
2025-02-26,0.3949,0.517,up,19,0.9505,0.2169,17.0,continuacion,continuacion,continuacion,6.0
2025-02-27,0.9962,0.1035,down,18,0.9863,1.2957,35.0,neutro,neutro,continuacion,246.0
2025-02-28,0.8955,0.8067,up,32,0.964,0.2673,14.0,continuacion,continuacion,continuacion,8.0
2025-03-03,0.847,0.1578,down,15,1.0625,0.8767,42.0,neutro,neutro,continuacion,160.0
2025-03-04,0.8291,0.4144,down,29,0.9409,0.3777,2.0,continuacion,continuacion,continuacion,2.0
2025-03-05,0.7073,0.7594,down,26,0.9911,0.2107,2.0,falla,falla,falla,2.0
2025-03-06,0.4477,0.2408,up,20,0.9587,0.9578,113.0,falla,falla,falla,20.0
2025-03-07,0.8195,0.7218,up,18,0.8827,0.2589,8.0,falla,falla,falla,35.0
2025-03-10,0.3985,0.0421,down,15,1.0083,0.4945,24.0,falla,falla,falla,28.0
2025-03-11,0.6166,0.5119,up,23,1.0056,0.8275,67.0,neutro,falla,falla,81.0
2025-03-12,0.7254,0.1369,down,27,0.8804,0.546,21.0,falla,falla,falla,51.0
2025-03-13,0.6245,0.1695,down,18,1.0054,0.2501,37.0,continuacion,continuacion,continuacion,1.0
2025-03-17,0.4157,0.9191,down,29,1.1437,0.2441,38.0,neutro,falla,falla,108.0
2025-03-18,0.3123,0.325,down,15,1.195,0.3355,28.0,neutro,falla,falla,76.0
2025-03-21,0.3245,0.6489,up,26,1.0835,0.2623,17.0,falla,falla,falla,29.0
2025-03-28,0.3814,0.8111,down,26,0.9928,0.2225,70.0,continuacion,continuacion,continuacion,9.0
2025-03-31,0.5528,0.4407,up,30,0.965,0.3553,30.0,continuacion,continuacion,continuacion,9.0
2025-04-02,1.1055,0.9823,up,15,0.9545,0.2397,8.0,continuacion,continuacion,continuacion,8.0
2025-04-03,0.866,0.4911,down,34,0.9384,0.2063,10.0,continuacion,continuacion,continuacion,9.0
2025-04-04,1.3325,0.0864,down,15,1.0227,0.3475,32.0,continuacion,continuacion,continuacion,11.0
2025-04-07,1.8316,0.2687,up,20,0.9583,0.2855,2.0,continuacion,continuacion,continuacion,1.0
2025-04-08,0.7683,0.5104,up,16,0.9151,0.8446,62.0,falla,falla,falla,24.0
2025-04-09,2.0244,0.4709,up,30,0.9639,0.2622,4.0,neutro,neutro,continuacion,178.0
2025-04-10,1.067,0.3013,down,29,0.9861,0.4437,4.0,continuacion,continuacion,continuacion,9.0
2025-04-11,1.2054,0.8446,up,16,1.0199,0.2498,2.0,continuacion,continuacion,continuacion,1.0
2025-04-14,1.3556,0.2219,down,17,0.9836,0.3575,105.0,continuacion,continuacion,continuacion,5.0
2025-04-15,0.6224,0.8737,up,18,0.86,0.3102,26.0,falla,falla,falla,5.0
2025-04-16,0.5683,0.5957,down,21,0.9823,0.2095,6.0,continuacion,continuacion,continuacion,2.0
2025-04-17,0.7069,0.2771,down,16,0.9355,0.6418,80.0,neutro,neutro,falla,185.0
2025-04-22,0.6104,0.9888,up,15,0.9849,0.2044,5.0,continuacion,continuacion,continuacion,9.0
2025-04-23,0.9818,0.6303,up,21,0.8937,0.3313,50.0,falla,falla,falla,42.0
2025-04-29,0.377,0.9209,up,15,0.9603,0.3312,15.0,continuacion,continuacion,continuacion,4.0
2025-05-05,0.3429,0.6873,up,18,0.6569,0.2761,16.0,continuacion,continuacion,continuacion,53.0
2025-05-07,0.347,0.8683,up,18,0.8639,0.2153,59.0,falla,falla,falla,7.0
2025-05-08,0.3717,0.3586,down,17,0.9356,0.3473,35.0,continuacion,continuacion,continuacion,32.0
2025-05-12,0.8373,0.185,down,58,0.9435,0.2627,5.0,neutro,neutro,falla,155.0
2025-05-16,0.3738,0.3249,down,64,0.8698,0.3241,16.0,neutro,neutro,falla,162.0
2025-05-21,0.4496,0.9134,up,16,0.8463,0.2931,25.0,continuacion,continuacion,continuacion,45.0
2025-05-22,0.4958,0.4531,up,22,0.9951,0.202,4.0,continuacion,continuacion,continuacion,1.0
2025-05-23,0.6153,0.64,up,42,0.9412,0.2632,98.0,neutro,continuacion,continuacion,75.0
2025-05-29,0.7232,0.0214,down,15,1.0083,0.6582,72.0,continuacion,continuacion,continuacion,60.0
2025-05-30,0.439,0.044,down,15,1.0282,0.284,15.0,falla,falla,falla,28.0
2025-06-02,0.8063,0.7911,down,30,0.9981,0.2322,2.0,neutro,neutro,falla,179.0
2025-06-04,0.3526,0.532,down,30,1.0001,0.3467,10.0,neutro,neutro,falla,230.0
2025-06-09,0.2837,0.7002,up,22,0.8237,0.3355,87.0,neutro,neutro,neutro,
2025-06-11,0.2866,0.1835,down,16,1.0338,0.2003,3.0,falla,falla,falla,33.0
2025-06-12,0.3147,0.9407,up,18,0.9251,0.4228,95.0,neutro,neutro,neutro,
2025-06-27,0.2469,0.837,up,15,0.9574,0.3341,67.0,continuacion,continuacion,continuacion,57.0
2025-07-08,0.23,0.3071,down,29,0.8754,0.2155,59.0,neutro,falla,falla,85.0
2025-07-10,0.2915,0.1111,down,15,0.9548,0.5293,120.0,neutro,neutro,neutro,
2025-07-16,0.3617,0.0846,down,15,0.9746,0.2413,25.0,neutro,continuacion,continuacion,67.0
2025-07-17,0.2658,0.9048,up,15,0.8162,0.2005,33.0,continuacion,continuacion,continuacion,16.0
2025-07-18,0.2153,0.1983,down,22,0.9323,0.3202,118.0,continuacion,continuacion,continuacion,36.0
2025-08-01,0.7696,0.0021,down,15,0.9592,0.2345,6.0,continuacion,continuacion,continuacion,2.0
2025-08-04,0.46,0.9374,up,15,0.9812,0.2814,60.0,neutro,continuacion,continuacion,73.0
2025-08-06,0.3391,0.6739,up,18,0.9506,0.2436,25.0,continuacion,continuacion,continuacion,43.0
2025-08-08,0.351,0.8746,up,15,0.9829,0.3705,113.0,continuacion,continuacion,continuacion,39.0
2025-08-12,0.4036,0.2889,down,18,1.0617,0.3726,19.0,falla,falla,falla,59.0
2025-08-14,0.3463,0.9945,up,15,0.9807,0.3397,85.0,neutro,neutro,neutro,
2025-08-15,0.3116,0.2282,down,15,1.0004,0.2734,16.0,neutro,continuacion,continuacion,99.0
2025-08-18,0.2047,0.1788,down,21,0.9598,0.2047,59.0,neutro,neutro,neutro,
2025-08-19,0.4584,0.1866,down,15,1.0434,0.2089,47.0,continuacion,continuacion,continuacion,4.0
2025-08-28,0.4672,0.6494,down,20,0.9932,0.2422,11.0,neutro,falla,falla,75.0
2025-09-02,0.6561,0.8229,up,16,0.9961,0.4404,30.0,neutro,neutro,continuacion,338.0
2025-09-12,0.2501,0.4524,up,51,0.5361,0.2152,85.0,neutro,continuacion,continuacion,71.0
2025-09-25,0.6304,0.0326,up,40,0.9614,0.3244,57.0,continuacion,continuacion,continuacion,28.0
2025-09-29,0.2656,0.9868,up,15,0.9281,0.2198,34.0,neutro,falla,falla,77.0
2025-10-09,0.2967,0.2211,down,15,1.0332,0.2576,70.0,neutro,neutro,continuacion,139.0
2025-10-13,0.4052,0.6568,up,20,1.2325,0.2984,30.0,neutro,continuacion,continuacion,116.0
2025-10-16,0.2663,0.8014,up,15,1.0135,0.2902,65.0,falla,falla,falla,37.0
2025-10-17,0.5887,0.151,up,22,0.8759,0.2901,7.0,continuacion,continuacion,continuacion,13.0
2025-10-23,0.3672,1.0,up,15,1.029,0.3446,26.0,continuacion,continuacion,continuacion,25.0
2025-10-30,0.6867,0.1744,up,24,0.9392,0.2169,8.0,neutro,neutro,falla,314.0
2025-11-03,0.4187,0.072,down,19,0.9277,0.2527,23.0,continuacion,continuacion,continuacion,4.0
2025-11-04,0.4621,0.9509,up,19,0.9671,0.4341,66.0,neutro,falla,falla,84.0
2025-11-11,0.2258,0.3643,down,19,1.0178,0.2177,36.0,continuacion,continuacion,continuacion,7.0
2025-11-12,0.5554,0.0553,down,16,0.9803,0.2913,15.0,continuacion,continuacion,continuacion,35.0
2025-11-13,0.8322,0.0196,down,15,1.0162,0.3556,76.0,continuacion,continuacion,continuacion,5.0
2025-11-17,1.003,0.837,up,16,0.957,0.2145,10.0,neutro,falla,falla,81.0
2025-11-18,0.7427,0.0495,down,15,1.033,0.2109,6.0,continuacion,continuacion,continuacion,1.0
2025-11-19,0.7532,0.92,up,15,0.9878,0.9241,72.0,neutro,falla,falla,96.0
2025-11-20,0.3622,0.6833,up,17,0.954,0.2041,10.0,continuacion,continuacion,continuacion,3.0
2025-11-21,0.5132,0.2493,down,15,0.9076,0.2168,2.0,falla,falla,falla,7.0
2025-11-25,0.6448,0.0568,down,15,1.0513,0.4749,7.0,neutro,falla,falla,90.0
2025-12-01,0.4345,0.3269,up,18,1.0619,0.2747,33.0,continuacion,continuacion,continuacion,31.0
2025-12-02,0.5509,0.868,up,30,0.8645,0.2217,60.0,falla,falla,falla,23.0
2025-12-05,0.3941,0.3378,up,23,0.9161,0.3528,58.0,falla,falla,falla,40.0
2025-12-11,0.3539,0.3273,down,15,1.0107,0.6467,26.0,neutro,neutro,falla,151.0
2025-12-31,0.3188,0.1218,down,15,1.0297,0.2476,104.0,neutro,neutro,continuacion,185.0
2026-01-02,0.3635,0.5471,up,17,1.0062,0.2642,6.0,falla,falla,falla,19.0
2026-01-06,0.2587,0.8306,up,15,0.9583,0.3951,70.0,neutro,continuacion,continuacion,103.0
2026-01-13,0.4293,0.5429,down,32,0.95,0.4611,74.0,neutro,neutro,continuacion,257.0
2026-01-14,0.6427,0.0502,down,15,0.9951,0.3568,26.0,continuacion,continuacion,continuacion,35.0
2026-01-20,0.4819,0.8194,up,21,0.9637,0.2462,56.0,continuacion,continuacion,continuacion,23.0
2026-01-22,0.4568,0.2724,down,16,0.9931,0.2276,5.0,continuacion,continuacion,continuacion,9.0
2026-01-26,0.4776,0.9091,up,15,0.8906,0.2208,43.0,continuacion,continuacion,continuacion,24.0
2026-01-30,0.4847,0.4719,down,29,0.945,0.2321,90.0,continuacion,continuacion,continuacion,29.0
2026-02-02,0.745,0.9351,up,16,0.9051,0.2601,12.0,continuacion,continuacion,continuacion,7.0
2026-02-04,0.625,0.6649,down,27,0.9247,0.4825,10.0,continuacion,continuacion,continuacion,55.0
2026-02-06,0.9119,0.991,up,15,0.7446,0.2302,8.0,neutro,continuacion,continuacion,74.0
2026-02-13,0.8971,0.6189,up,15,0.9413,0.2011,4.0,continuacion,continuacion,continuacion,39.0
2026-02-17,0.8501,0.4511,down,20,0.9775,0.5793,28.0,continuacion,continuacion,continuacion,15.0
2026-02-19,0.474,0.695,up,23,0.9859,0.275,13.0,neutro,continuacion,continuacion,72.0
2026-02-20,1.0814,0.8889,up,16,0.7622,0.5265,17.0,continuacion,continuacion,continuacion,45.0
2026-02-24,0.8739,0.9924,up,15,0.9967,0.2066,5.0,continuacion,continuacion,continuacion,36.0
2026-02-25,0.5042,0.9416,up,15,0.863,0.3194,31.0,neutro,neutro,continuacion,226.0
2026-03-02,1.1187,0.8326,up,18,1.0015,0.2547,33.0,continuacion,continuacion,continuacion,26.0
2026-03-03,0.6365,0.1823,down,19,1.0014,0.6228,75.0,falla,falla,falla,41.0
2026-03-05,0.5766,0.517,up,19,0.9288,0.3275,19.0,falla,falla,falla,22.0
